<?xml version="1.0" ?>

<!DOCTYPE table PUBLIC "+//IDN sosy-lab.org//DTD BenchExec table 1.10//EN" "http://www.sosy-lab.org/benchexec/table-1.10.dtd">
<table>
  <column title="status"/>
  <column title="cputime"/>
  <column title="probability"/>
  <union>
    <result filename="./*.results.dd-engine.*.xml.bz2"/>
  </union>
  <union>
    <result filename="./*.results.hybrid-engine.*.xml.bz2"/>
  </union>
  <union>
    <result filename="./*.results.dd-to-sparse-engine.*.xml.bz2"/>
  </union>
  <union>
    <result filename="./*.results.sparse-engine.*.xml.bz2"/>
  </union>

  <union>
    <result filename="./*.results.exact.*.xml.bz2"/>
  </union>
  <union>
    <result filename="./*.results.smc.*.xml.bz2"/>
  </union>
  
  <union>
    <result filename="./*.results.lss.*.xml.bz2"/>
  </union>
  <union>
    <result filename="./*.results.uniform.*.xml.bz2"/>
  </union>
</table>


