tool	Modest 	Modest 	Modest 	Modest 	Modest 	Modest 	Modest 
run set	[random.consensus-c2; random.consensus-disagree; random.csm-all_before_max; random.csm-all_before_min; random.csma-some_before; random.firewire_dl; random.philosophers; random.pnueli-zuck; random.zeroconf-deadline_max; random.zeroconf-deadline_min; random.more-tasks-1; random.mer; random.pacman]	[random.consensus-c2; random.consensus-disagree; random.csm-all_before_max; random.csm-all_before_min; random.csma-some_before; random.firewire_dl; random.philosophers; random.pnueli-zuck; random.zeroconf-deadline_max; random.zeroconf-deadline_min; random.more-tasks-1; random.mer; random.pacman]	[random.consensus-c2; random.consensus-disagree; random.csm-all_before_max; random.csm-all_before_min; random.csma-some_before; random.firewire_dl; random.philosophers; random.pnueli-zuck; random.zeroconf-deadline_max; random.zeroconf-deadline_min; random.more-tasks-1; random.mer; random.pacman]	[random.consensus-c2; random.consensus-disagree; random.csm-all_before_max; random.csm-all_before_min; random.csma-some_before; random.firewire_dl; random.philosophers; random.pnueli-zuck; random.zeroconf-deadline_max; random.zeroconf-deadline_min; random.more-tasks-1; random.mer; random.pacman]	[random.consensus-c2; random.consensus-disagree; random.csm-all_before_max; random.csm-all_before_min; random.csma-some_before; random.firewire_dl; random.philosophers; random.pnueli-zuck; random.zeroconf-deadline_max; random.zeroconf-deadline_min; random.more-tasks-1; random.mer; random.pacman]	[random.consensus-c2; random.consensus-disagree; random.csm-all_before_max; random.csm-all_before_min; random.csma-some_before; random.firewire_dl; random.philosophers; random.pnueli-zuck; random.zeroconf-deadline_max; random.zeroconf-deadline_min; random.more-tasks-1; random.mer; random.pacman]	[random.consensus-c2; random.consensus-disagree; random.csm-all_before_max; random.csm-all_before_min; random.csma-some_before; random.firewire_dl; random.philosophers; random.pnueli-zuck; random.zeroconf-deadline_max; random.zeroconf-deadline_min; random.more-tasks-1; random.mer; random.pacman]
../benchexec-input/action-task-yml/	status	cputime (s)	distribution-mean	distribution-var	distribution-maxv	distribution-minv	distribution-coeff-var
consensus.c2.K_13	done	0.475797386	NA	NA	NA	NA	NA
consensus.c2.K_144	done	0.331270361	NA	NA	NA	NA	NA
consensus.c2.K_2	done	30.706398264	0.48594900000000113	0.001179066398999999	0.594	0.381	0.00242631716291215
consensus.c2.K_21	done	0.347704346	NA	NA	NA	NA	NA
consensus.c2.K_3	done	57.637326422	0.49112399999999995	0.0008047126239999983	0.571	0.414	0.0016385121150666601
consensus.c2.K_34	done	0.335206576	NA	NA	NA	NA	NA
consensus.c2.K_5	done	144.596581804	0.4933679999999999	0.0004443045760000001	0.575	0.428	0.0009005541016036715
consensus.c2.K_55	done	0.32952875	NA	NA	NA	NA	NA
consensus.c2.K_8	done	11.269381444	NA	NA	NA	NA	NA
consensus.c2.K_89	done	0.333060003	NA	NA	NA	NA	NA
consensus.c2.N_13	done	2.818625338	NA	NA	NA	NA	NA
consensus.c2.N_144	done	4.189405361	NA	NA	NA	NA	NA
consensus.c2.N_2	done	30.213897568	0.48684799999999967	0.0011186788960000054	0.591	0.39	0.002297799099513619
consensus.c2.N_21	done	0.931860815	NA	NA	NA	NA	NA
consensus.c2.N_3	done	82.652168113	0.4852409999999997	0.0005594689190000018	0.578	0.42	0.0011529712431554674
consensus.c2.N_34	done	0.967341705	NA	NA	NA	NA	NA
consensus.c2.N_5	done	365.332431551	0.4831850000000006	0.0002822747750000013	0.53	0.427	0.0005841960636195266
consensus.c2.N_55	done	1.305978724	NA	NA	NA	NA	NA
consensus.c2.N_8	done	1588.842572643	0.4824520000000007	0.00025015369599999904	0.528	0.418	0.0005185048377869687
consensus.c2.N_89	done	2.298963358	NA	NA	NA	NA	NA
consensus.disagree.K_13	done	0.437622669	NA	NA	NA	NA	NA
consensus.disagree.K_144	done	0.327992261	NA	NA	NA	NA	NA
consensus.disagree.K_2	done	30.992186144	0.027651000000000005	0.0005231511990000013	0.104	0.0	0.018919793099707104
consensus.disagree.K_21	done	0.331187188	NA	NA	NA	NA	NA
consensus.disagree.K_3	done	58.402026741	0.01644299999999999	0.0002146827510000012	0.073	0.0	0.013056178981937684
consensus.disagree.K_34	done	0.333290312	NA	NA	NA	NA	NA
consensus.disagree.K_5	done	144.356425681	0.010272999999999963	7.650047100000026e-05	0.038	0.0	0.007446750803076077
consensus.disagree.K_55	done	0.320326685	NA	NA	NA	NA	NA
consensus.disagree.K_8	done	349.174096264	0.006797999999999977	3.6099195999999984e-05	0.025	0.0	0.005310267137393367
consensus.disagree.K_89	done	0.325567785	NA	NA	NA	NA	NA
consensus.disagree.N_13	done	1.621303523	NA	NA	NA	NA	NA
consensus.disagree.N_144	done	4.475257782	NA	NA	NA	NA	NA
consensus.disagree.N_2	done	30.515995194	0.02777599999999999	0.0005103558239999998	0.096	0.0	0.01837398559907834
consensus.disagree.N_21	done	0.538956752	NA	NA	NA	NA	NA
consensus.disagree.N_3	done	85.441688954	0.030524999999999976	0.00027555337499999926	0.09	0.0	0.009027137592137574
consensus.disagree.N_34	done	0.928924848	NA	NA	NA	NA	NA
consensus.disagree.N_5	done	349.803102098	0.03502900000000011	5.2366158999999534e-05	0.063	0.007	0.0014949373090867388
consensus.disagree.N_55	done	1.307630884	NA	NA	NA	NA	NA
consensus.disagree.N_8	done	89.133798136	NA	NA	NA	NA	NA
consensus.disagree.N_89	done	2.213754377	NA	NA	NA	NA	NA
csma.all_before_max.N_13.K_2	done	1300.656653379	5.400000000000004e-05	5.508400000000005e-08	0.002	0.0	0.0010200740740740743
csma.all_before_max.N_144.K_2	TIMEOUT	3600.306894678	NA	NA	NA	NA	NA
csma.all_before_max.N_2.K_10	done	631.325123818	1.0	0.0	1.0	1.0	0.0
csma.all_before_max.N_2.K_13	TIMEOUT	3600.428038005	NA	NA	NA	NA	NA
csma.all_before_max.N_2.K_17	ABORTED	53.291860173	NA	NA	NA	NA	NA
csma.all_before_max.N_2.K_2	done	58.396102155	0.8745960000000019	0.00011867878400000004	0.906	0.839	0.00013569554857328388
csma.all_before_max.N_2.K_3	done	68.301095283	0.9845520000000016	1.5595295999999904e-05	0.996	0.97	1.583999219949772e-05
csma.all_before_max.N_2.K_5	done	82.203728211	0.99997	2.910000000000015e-08	1.0	0.999	2.9100873026190937e-08
csma.all_before_max.N_2.K_6	done	96.330263466	1.0	0.0	1.0	1.0	0.0
csma.all_before_max.N_2.K_7	done	159.819800382	1.0	0.0	1.0	1.0	0.0
csma.all_before_max.N_2.K_8	done	237.349434237	1.0	0.0	1.0	1.0	0.0
csma.all_before_max.N_21.K_2	done	2969.008089991	0.0	0.0	0.0	0.0	0
csma.all_before_max.N_3.K_2	done	116.214439755	0.6838249999999996	0.0061983063750000135	0.865	0.512	0.00906417047490223
csma.all_before_max.N_34.K_2	TIMEOUT	3600.310002489	NA	NA	NA	NA	NA
csma.all_before_max.N_5.K_2	done	285.374394334	0.2363679999999993	0.001973376576000002	0.43	0.143	0.008348746767752012
csma.all_before_max.N_55.K_2	TIMEOUT	3600.295720144	NA	NA	NA	NA	NA
csma.all_before_max.N_8.K_2	done	551.700686125	0.01902699999999999	5.2506271000000023e-05	0.046	0.002	0.002759566458190995
csma.all_before_max.N_89.K_2	TIMEOUT	3600.308970416	NA	NA	NA	NA	NA
csma.all_before_min.N_13.K_2	done	1227.436393984	4.200000000000003e-05	4.0236000000000024e-08	0.001	0.0	0.0009579999999999999
csma.all_before_min.N_144.K_2	TIMEOUT	3600.308917028	NA	NA	NA	NA	NA
csma.all_before_min.N_2.K_10	done	632.590116479	1.0	0.0	1.0	1.0	0.0
csma.all_before_min.N_2.K_13	TIMEOUT	3600.396759105	NA	NA	NA	NA	NA
csma.all_before_min.N_2.K_17	ABORTED	53.332987286	NA	NA	NA	NA	NA
csma.all_before_min.N_2.K_2	done	58.400917535	0.8746710000000004	0.00010985675900000002	0.909	0.842	0.00012559780648952574
csma.all_before_min.N_2.K_3	done	67.719300738	0.9845130000000021	1.6815830999999885e-05	0.996	0.97	1.7080354449357044e-05
csma.all_before_min.N_2.K_5	done	81.986355618	0.9999669999999999	3.1911000000001714e-08	1.0	0.999	3.1912053097753943e-08
csma.all_before_min.N_2.K_6	done	92.531341024	1.0	0.0	1.0	1.0	0.0
csma.all_before_min.N_2.K_7	done	162.219285093	1.0	0.0	1.0	1.0	0.0
csma.all_before_min.N_2.K_8	done	246.973590292	1.0	0.0	1.0	1.0	0.0
csma.all_before_min.N_21.K_2	done	2978.375310941	0.0	0.0	0.0	0.0	0
csma.all_before_min.N_3.K_2	done	117.169728179	0.6878249999999992	0.006656778374999999	0.862	0.477	0.009678011667211873
csma.all_before_min.N_34.K_2	TIMEOUT	3600.308324252	NA	NA	NA	NA	NA
csma.all_before_min.N_5.K_2	done	284.186322756	0.233427	0.0016960066709999992	0.414	0.155	0.0072656833656774885
csma.all_before_min.N_55.K_2	TIMEOUT	3600.295481902	NA	NA	NA	NA	NA
csma.all_before_min.N_8.K_2	done	553.968223253	0.019120000000000012	5.4519600000000134e-05	0.047	0.003	0.0028514435146443566
csma.all_before_min.N_89.K_2	TIMEOUT	3600.304434471	NA	NA	NA	NA	NA
csma.some_before.N_13.K_2	done	3075.432326255	0.7618870000000004	0.01168564423099999	1.0	0.519	0.015337765614848375
csma.some_before.N_144.K_2	done	6.529762653	NA	NA	NA	NA	NA
csma.some_before.N_2.K_10	done	303.464691957	1.0	0.0	1.0	1.0	0.0
csma.some_before.N_2.K_13	done	2089.695281397	1.0	0.0	1.0	1.0	0.0
csma.some_before.N_2.K_17	ABORTED	51.965021146	NA	NA	NA	NA	NA
csma.some_before.N_2.K_2	done	53.178215043	0.5003709999999995	0.00025218535900000023	0.549	0.451	0.000503996752409713
csma.some_before.N_2.K_3	done	44.850952264	0.8747569999999995	0.00011404195100000005	0.907	0.84	0.00013036986385933479
csma.some_before.N_2.K_5	done	45.733026188	0.9990110000000075	1.0268790000000143e-06	1.0	0.995	1.0278955887372677e-06
csma.some_before.N_2.K_6	done	50.905266713	0.9999819999999999	1.767600000000039e-08	1.0	0.999	1.7676318173727517e-08
csma.some_before.N_2.K_7	done	82.273563385	0.999998	1.9959999999999046e-09	1.0	0.999	1.9960039920078886e-09
csma.some_before.N_2.K_8	done	121.587601458	1.0	0.0	1.0	1.0	0.0
csma.some_before.N_21.K_2	TIMEOUT	3600.304870461	NA	NA	NA	NA	NA
csma.some_before.N_3.K_2	done	73.414655097	0.9025649999999997	0.01902298377500026	1.0	0.56	0.021076580384792525
csma.some_before.N_34.K_2	TIMEOUT	3600.305727651	NA	NA	NA	NA	NA
csma.some_before.N_5.K_2	done	277.037141992	0.7778539999999998	0.031070636684000143	1.0	0.452	0.03994404693425778
csma.some_before.N_55.K_2	done	1.98255033	NA	NA	NA	NA	NA
csma.some_before.N_8.K_2	done	854.989928712	0.7602989999999993	0.022226469599000095	1.0	0.519	0.029233853522101325
csma.some_before.N_89.K_2	done	3.210699966	NA	NA	NA	NA	NA
firewire_dl.deadline_1300	done	68.804883155	1.0	0.0	1.0	1.0	0.0
firewire_dl.deadline_14400	done	70.246415989	1.0	0.0	1.0	1.0	0.0
firewire_dl.deadline_200	done	66.497471919	0.9709269999999999	0.00629393967100013	1.0	0.547	0.006482402560645786
firewire_dl.deadline_2100	done	68.669052908	1.0	0.0	1.0	1.0	0.0
firewire_dl.deadline_300	done	69.609151946	0.986951	0.002313856599000085	1.0	0.716	0.0023444493181526594
firewire_dl.deadline_3400	done	67.579054682	1.0	0.0	1.0	1.0	0.0
firewire_dl.deadline_500	done	70.562574285	1.0	0.0	1.0	1.0	0.0
firewire_dl.deadline_5500	done	68.692419065	1.0	0.0	1.0	1.0	0.0
firewire_dl.deadline_800	done	69.330500961	1.0	0.0	1.0	1.0	0.0
firewire_dl.deadline_8900	done	69.965897016	1.0	0.0	1.0	1.0	0.0
firewire_dl.delay_13	done	61.632794263	1.0	0.0	1.0	1.0	0.0
firewire_dl.delay_144	done	12.376806851	1.0	0.0	1.0	1.0	0.0
firewire_dl.delay_21	done	58.459262734	1.0	0.0	1.0	1.0	0.0
firewire_dl.delay_3	done	67.870151417	0.9722189999999999	0.00613564503900036	1.0	0.499	0.006310970099329842
firewire_dl.delay_34	done	53.26839395	1.0	0.0	1.0	1.0	0.0
firewire_dl.delay_5	done	65.060486338	0.9909990000000001	0.0020474429990000225	1.0	0.718	0.0020660394198178025
firewire_dl.delay_55	done	45.284890587	1.0	0.0	1.0	1.0	0.0
firewire_dl.delay_8	done	63.977410188	0.999563	9.680603100000234e-05	1.0	0.754	9.68483537305826e-05
firewire_dl.delay_89	done	30.66070976	1.0	0.0	1.0	1.0	0.0
philosophers.13	done	17.793534735	0.0011330000000000001	0.000314153311	0.495	0.0	0.27727564960282436
philosophers.144	done	858.589446437	0.0	0.0	0.0	0.0	0
philosophers.21	done	31.781062961	0.000245	5.9964975e-05	0.245	0.0	0.244755
philosophers.3	done	5.04612575	0.08724900000000003	0.0478919429990001	1.0	0.0	0.5489110820639788
philosophers.34	done	66.800475899	0.0	0.0	0.0	0.0	0
philosophers.4	done	6.256076072	0.061616000000000004	0.03413680254400001	1.0	0.0	0.5540249698779539
philosophers.5	done	7.850691461	0.03734400000000001	0.01894231966399999	0.934	0.0	0.5072386371036842
philosophers.55	done	169.998968645	0.0	0.0	0.0	0.0	0
philosophers.8	done	11.482266838	0.011940999999999998	0.005284211519000001	1.0	0.0	0.44252671627166923
philosophers.89	done	363.023610392	0.0	0.0	0.0	0.0	0
pnueli-zuck.13	done	89.375564079	0.008	0.007936	1.0	0.0	0.992
pnueli-zuck.144	TIMEOUT	3600.48494752	NA	NA	NA	NA	NA
pnueli-zuck.21	done	256.095922843	0.002	0.001996	1.0	0.0	0.998
pnueli-zuck.3	done	12.215933121	0.097303	0.08656532119099994	1.0	0.0	0.8896469912644003
pnueli-zuck.34	done	871.386451534	0.002	0.001996	1.0	0.0	0.998
pnueli-zuck.5	done	19.734663756	0.035749	0.034028273998999964	1.0	0.0	0.9518664577750415
pnueli-zuck.55	done	2612.310185092	0.002	0.001996	1.0	0.0	0.998
pnueli-zuck.8	done	38.601252855	0.009	0.008918999999999998	1.0	0.0	0.9909999999999999
pnueli-zuck.89	TIMEOUT	3600.380318116	NA	NA	NA	NA	NA
zeroconf_dl.deadline_max.K_1	done	14.592027491	0.006927999999999994	9.238816000000065e-06	0.018	0.0	0.001333547344110865
zeroconf_dl.deadline_max.K_16	done	19.080253317	1.0	0.0	1.0	1.0	0.0
zeroconf_dl.deadline_max.K_2	done	17.284973339	0.3418300000000005	0.0002463031000000002	0.385	0.299	0.0007205426674077753
zeroconf_dl.deadline_max.K_3	done	18.281284412	1.0	0.0	1.0	1.0	0.0
zeroconf_dl.deadline_max.K_32	done	19.051337099	1.0	0.0	1.0	1.0	0.0
zeroconf_dl.deadline_max.K_4	done	18.854908445	1.0	0.0	1.0	1.0	0.0
zeroconf_dl.deadline_max.K_8	done	19.517331649	1.0	0.0	1.0	1.0	0.0
zeroconf_dl.deadline_max.N_1000	done	14.495426784	0.006871999999999993	9.585615999999989e-06	0.019	0.0	0.001394880093131548
zeroconf_dl.deadline_max.N_16000	done	16.272844708	0.1339630000000005	0.000607407631000001	0.216	0.066	0.004534144733993705
zeroconf_dl.deadline_max.N_2000	done	14.749880754	0.014145	2.542397500000013e-05	0.037	0.002	0.001797382467302943
zeroconf_dl.deadline_max.N_32000	done	18.256489922	0.3197710000000013	0.0014185245589999993	0.451	0.209	0.004436063805035458
zeroconf_dl.deadline_max.N_4000	done	15.125623305	0.028869000000000047	6.766783900000005e-05	0.06	0.009	0.002343962000762061
zeroconf_dl.deadline_max.N_8000	done	15.209251955	0.06108600000000007	0.00019169860400000002	0.117	0.022	0.003138175752218181
zeroconf_dl.deadline_max.deadline_100	done	14.853064755	0.0006800000000000005	8.576000000000066e-07	0.006	0.0	0.001261176470588244
zeroconf_dl.deadline_max.deadline_1000	done	14.954440999	0.0007220000000000005	9.70716000000009e-07	0.006	0.0	0.0013444819944598452
zeroconf_dl.deadline_max.deadline_1600	done	14.751530501	0.0006550000000000004	8.619749999999887e-07	0.007	0.0	0.0013159923664121957
zeroconf_dl.deadline_max.deadline_200	done	14.644405157	0.0007530000000000005	9.619909999999998e-07	0.006	0.0	0.0012775444887118182
zeroconf_dl.deadline_max.deadline_300	done	14.703896061	0.0006800000000000005	9.25600000000006e-07	0.007	0.0	0.0013611764705882433
zeroconf_dl.deadline_max.deadline_3200	done	14.85956636	0.0006360000000000005	8.315039999999931e-07	0.005	0.0	0.0013073962264150826
zeroconf_dl.deadline_max.deadline_600	done	14.775435272	0.0006600000000000004	7.924000000000061e-07	0.005	0.0	0.001200606060606069
zeroconf_dl.deadline_min.K_1	done	14.5025644	0.006965000000000005	9.783775000000001e-06	0.022	0.0	0.001404705671213208
zeroconf_dl.deadline_min.K_16	done	19.133256096	1.0	0.0	1.0	1.0	0.0
zeroconf_dl.deadline_min.K_2	done	17.606236798	0.3422200000000006	0.0002187295999999994	0.386	0.297	0.0006391490853836684
zeroconf_dl.deadline_min.K_3	done	18.460627822	1.0	0.0	1.0	1.0	0.0
zeroconf_dl.deadline_min.K_32	done	20.00402329	1.0	0.0	1.0	1.0	0.0
zeroconf_dl.deadline_min.K_4	done	18.731440587	1.0	0.0	1.0	1.0	0.0
zeroconf_dl.deadline_min.K_8	done	19.513310155	1.0	0.0	1.0	1.0	0.0
zeroconf_dl.deadline_min.N_1000	done	14.623361137	0.006983000000000012	1.0036710999999929e-05	0.019	0.0	0.0014373064585421612
zeroconf_dl.deadline_min.N_16000	done	15.925309466	0.1334500000000005	0.0006001514999999986	0.216	0.065	0.00449720119895089
zeroconf_dl.deadline_min.N_2000	done	14.763695287	0.014125999999999994	2.396612400000004e-05	0.034	0.002	0.00169659663032706
zeroconf_dl.deadline_min.N_32000	done	18.523985696	0.31968900000000067	0.001492770278999998	0.467	0.209	0.004669445238966605
zeroconf_dl.deadline_min.N_4000	done	14.757161091	0.028726000000000026	7.078892400000027e-05	0.061	0.005	0.0024642805820511106
zeroconf_dl.deadline_min.N_8000	done	15.380673426	0.060227000000000086	0.00020765747099999913	0.126	0.022	0.0034479132448901463
zeroconf_dl.deadline_min.deadline_100	done	14.878145377	0.0007210000000000005	8.891590000000095e-07	0.006	0.0	0.0012332302357836462
zeroconf_dl.deadline_min.deadline_1000	done	14.777209142	0.0006780000000000005	8.32315999999989e-07	0.005	0.0	0.0012276047197639945
zeroconf_dl.deadline_min.deadline_1600	done	14.564588268	0.0006550000000000004	9.059749999999887e-07	0.007	0.0	0.0013831679389312795
zeroconf_dl.deadline_min.deadline_200	done	14.615762125	0.0006670000000000005	8.16111000000006e-07	0.006	0.0	0.0012235547226386889
zeroconf_dl.deadline_min.deadline_300	done	14.75658182	0.0006920000000000006	9.51135999999995e-07	0.006	0.0	0.001374473988439298
zeroconf_dl.deadline_min.deadline_3200	done	15.469975589	0.0007180000000000005	9.304760000000008e-07	0.005	0.0	0.0012959275766016715
zeroconf_dl.deadline_min.deadline_600	done	14.718336608	0.0006470000000000004	8.02390999999999e-07	0.005	0.0	0.0012401715610510023
csma.all_before_max.N_2.K_11	done	1164.423479195	1.0	0.0	1.0	1.0	0.0
csma.all_before_min.N_2.K_11	done	1168.549493733	1.0	0.0	1.0	1.0	0.0
csma.some_before.N_2.K_11	done	561.130733375	1.0	0.0	1.0	1.0	0.0
csma.all_before_max.N_2.K_12	done	2284.319724019	1.0	0.0	1.0	1.0	0.0
csma.all_before_min.N_2.K_12	done	2272.375802284	1.0	0.0	1.0	1.0	0.0
csma.some_before.N_2.K_12	done	1074.645896973	1.0	0.0	1.0	1.0	0.0
csma.all_before_max.N_6.K_2	done	365.407019872	0.11185200000000006	0.0007153820959999957	0.216	0.059	0.0063957917247791304
csma.all_before_min.N_6.K_2	done	366.952634514	0.112335	0.000718094775000001	0.225	0.062	0.006392440245693693
csma.some_before.N_6.K_2	done	433.28898573	0.7537699999999999	0.030414925100000066	1.0	0.476	0.040350405428711766
csma.all_before_max.N_7.K_2	done	444.258488148	0.048077999999999996	0.00021569391600000033	0.102	0.015	0.004486332958941727
csma.all_before_min.N_7.K_2	done	443.556656874	0.04864699999999991	0.00020885039099999958	0.098	0.019	0.004293181306144263
csma.some_before.N_7.K_2	done	602.071371271	0.757110999999999	0.024673148678999852	1.0	0.498	0.032588548679123516
philosophers.24	done	41.217339071	0.000225	5.0574375000000007e-05	0.225	0.0	0.22477500000000003
philosophers.27	done	48.188316325	0.000499	0.000248751999	0.499	0.0	0.49850099999999997
philosophers.30	done	58.500164141	0.0	0.0	0.0	0.0	0
pnueli-zuck.24	done	341.513383749	0.0	0.0	0.0	0.0	0
pnueli-zuck.27	done	420.136546305	0.0	0.0	0.0	0.0	0
pnueli-zuck.30	done	584.348094092	0.003	0.0029910000000000006	1.0	0.0	0.9970000000000002
zeroconf_dl.deadline_max.deadline_2000	done	14.508678721	0.0007010000000000006	9.255990000000069e-07	0.005	0.0	0.0013203980028530758
zeroconf_dl.deadline_min.deadline_2000	done	14.722861418	0.0006680000000000005	8.837760000000039e-07	0.006	0.0	0.001323017964071861
zeroconf_dl.deadline_max.deadline_2400	done	14.931280744	0.0007430000000000005	1.0229509999999948e-06	0.006	0.0	0.001376784656796762
zeroconf_dl.deadline_min.deadline_2400	done	14.742116103	0.0007140000000000006	9.04204000000004e-07	0.005	0.0	0.0012663921568627497
zeroconf_dl.deadline_max.deadline_2800	done	14.720835154	0.0006870000000000005	9.210309999999967e-07	0.006	0.0	0.0013406564774381309
zeroconf_dl.deadline_min.deadline_2800	done	14.823147952	0.0007620000000000005	9.953559999999903e-07	0.006	0.0	0.0013062414698162593
consensus.c2.N_6	done	598.845594321	0.4831310000000007	0.00026700783900000097	0.537	0.43	0.000552661367206825
consensus.disagree.N_6	done	649.597574719	0.03463400000000019	3.48460439999999e-05	0.06	0.016	0.0010061224230524832
consensus.c2.N_7	done	947.767067116	0.48219200000000145	0.0002398211359999999	0.538	0.436	0.0004973561071108587
consensus.disagree.N_7	done	1073.905537826	0.03409800000000015	3.530239599999999e-05	0.053	0.018	0.0010353216024400211
mer.n_1	done	8.277315118	1e-06	9.990000000000004e-10	0.001	0.0	0.0009990000000000003
mer.n_10	done	8.27590198	0.000372	6.8827616e-05	0.201	0.0	0.18502047311827957
mer.n_100	done	8.416734863	0.0	0.0	0.0	0.0	0
mer.n_1000	done	8.87044363	0.000184	3.3822144e-05	0.184	0.0	0.183816
mer.n_13000	done	10.425175594	0.000399	7.9441799e-05	0.2	0.0	0.19910225313283209
mer.n_144000	done	9.162196672	0.000428	9.063081599999998e-05	0.219	0.0	0.21175424299065418
mer.n_21000	done	8.300304781	0.0	0.0	0.0	0.0	0
mer.n_3000	done	8.663258609	0.000194	3.7598364000000004e-05	0.194	0.0	0.19380600000000003
mer.n_34000	done	8.51931064	0.00040100000000000004	7.9448199e-05	0.201	0.0	0.19812518453865333
mer.n_55000	done	8.102622457	0.000399	7.9441799e-05	0.2	0.0	0.19910225313283209
mer.n_8000	done	10.223751109	0.0	0.0	0.0	0.0	0
mer.n_89000	done	8.880301192	0.000202	4.0361196000000005e-05	0.201	0.0	0.19980790099009904
mer.x_0.01	done	8.415526584	0.000402	8.1890396e-05	0.226	0.0	0.20370745273631838
mer.x_0.03	done	8.553227785	0.000393	7.4334551e-05	0.205	0.0	0.18914644020356233
mer.x_0.05	done	8.474765776	0.00021799999999999999	4.7476476000000006e-05	0.218	0.0	0.21778200000000003
mer.x_0.08	done	8.176213232	0.000175	3.059437499999999e-05	0.175	0.0	0.17482499999999995
mer.x_0.13	done	8.302306705	0.0	0.0	0.0	0.0	0
mer.x_0.21	done	8.922024869	0.000711	0.000126487479	0.19	0.0	0.17790081434599156
mer.x_0.34	done	8.647980129	0.000384	5.594854400000001e-05	0.192	0.0	0.14569933333333335
mer.x_0.55	done	8.554712826	0.000494	6.7093964e-05	0.191	0.0	0.13581774089068827
mer.x_0.89	done	8.598404407	0.0005809999999999999	0.00011244143900000001	0.203	0.0	0.19353087607573155
mer.x_1.44	done	8.515590998	0.00041400000000000003	8.5576604e-05	0.212	0.0	0.20670677294685988
pacman.MAXSTEPS_100	done	105.393469988	0.999992	7.93599999999996e-09	1.0	0.999	7.936063488507867e-09
pacman.MAXSTEPS_150	done	107.64078751	1.0	0.0	1.0	1.0	0.0
pacman.MAXSTEPS_200	done	102.004647467	1.0	0.0	1.0	1.0	0.0
pacman.MAXSTEPS_25	done	99.46877948	0.9226340000000002	0.0014816540439999996	1.0	0.693	0.0016058957766568317
pacman.MAXSTEPS_300	done	102.990411685	1.0	0.0	1.0	1.0	0.0
pacman.MAXSTEPS_400	done	102.832859867	1.0	0.0	1.0	1.0	0.0
pacman.MAXSTEPS_5	done	42.876145348	0.5507580000000006	0.0002433894359999982	0.605	0.508	0.0004419172050156292
pacman.MAXSTEPS_50	done	104.944370976	0.9960150000000036	9.252775000000031e-06	1.0	0.977	9.28979483240714e-06
pacman.MAXSTEPS_500	done	102.727459895	1.0	0.0	1.0	1.0	0.0
pacman.MAXSTEPS_75	done	104.667488169	0.9997729999999995	2.474709999999968e-07	1.0	0.996	2.475271886718254e-07
