tool	Storm 	Storm 	Storm 	Storm 	Storm 	Storm 	Storm 	Storm 	Storm 	Storm 	Storm 	Storm 	Storm 	Storm 	Storm 	Storm 	Storm 	Storm 	Modest 	Modest 	Modest 	Modest 	Modest 	Modest 	Modest 	Modest 	Modest 
run set	storm-baseline-actions.dd-engine	storm-baseline-actions.dd-engine	storm-baseline-actions.dd-engine	storm-baseline-actions.hybrid-engine	storm-baseline-actions.hybrid-engine	storm-baseline-actions.hybrid-engine	storm-baseline-actions.dd-to-sparse-engine	storm-baseline-actions.dd-to-sparse-engine	storm-baseline-actions.dd-to-sparse-engine	storm-baseline-actions.sparse-engine	storm-baseline-actions.sparse-engine	storm-baseline-actions.sparse-engine	1-2-3-Go-action.exact	1-2-3-Go-action.exact	1-2-3-Go-action.exact	1-2-3-Go-action.smc	1-2-3-Go-action.smc	1-2-3-Go-action.smc	modest-baseline-actions.lss	modest-baseline-actions.lss	modest-baseline-actions.lss	modest-baseline-actions.uniform	modest-baseline-actions.uniform	modest-baseline-actions.uniform	modest-baseline-actions.random	modest-baseline-actions.random	modest-baseline-actions.random
../benchexec-input/action-task-yml/	status	cputime (s)	probability	status	cputime (s)	probability	status	cputime (s)	probability	status	cputime (s)	probability	status	cputime (s)	probability	status	cputime (s)	probability	status	cputime (s)	probability	status	cputime (s)	probability	status	cputime (s)	probability
pnueli-zuck.13	done	511.551400668	1	done	441.309159977	1	ERROR (2)	230.285611415	NO_VALUE	OUT OF MEMORY	985.616847021	NO_VALUE	done	3.322615781	1	done	58.53978987	1	done	15.303843155	1	done	6.312867762	1	done	89.375564079	1
pnueli-zuck.144	TIMEOUT	3602.268036281	NO_VALUE	TIMEOUT	3602.2675774	NO_VALUE	TIMEOUT	3602.275177164	NO_VALUE	OUT OF MEMORY	3500.960754037	NO_VALUE	done	337.113352055	1	done	386.844230368	1	TIMEOUT	3600.473831451	NA	done	66.198517518	NA	TIMEOUT	3600.48494752	NA
pnueli-zuck.21	done	2342.661182966	1	done	2921.6073138	1	ERROR (2)	658.850593254	NO_VALUE	OUT OF MEMORY	1324.066659227	NO_VALUE	done	7.992955074	1	done	64.679986626	1	done	36.415591675	1	done	31.893141758	1	done	256.095922843	1
pnueli-zuck.34	TIMEOUT	3601.918270899	NO_VALUE	TIMEOUT	3601.910519613	NO_VALUE	ERROR (2)	2922.341402352	NO_VALUE	OUT OF MEMORY	1649.758759895	NO_VALUE	done	19.605465778	1	done	78.378834226	1	done	124.934350075	1	done	4.187764728	NA	done	871.386451534	1
pnueli-zuck.55	TIMEOUT	3601.32188285	NO_VALUE	TIMEOUT	3601.318228719	NO_VALUE	TIMEOUT	3601.300864466	NO_VALUE	OUT OF MEMORY	1691.408566062	NO_VALUE	done	49.563801874	1	done	106.838174073	1	done	433.649196384	1	done	10.046314904	NA	done	2612.310185092	1
pnueli-zuck.8	done	185.051930486	1	done	164.209911917	1	OUT OF MEMORY	1220.339437673	NO_VALUE	OUT OF MEMORY	719.154924714	NO_VALUE	done	1.53349201	1	done	60.430499009	1	done	7.236036813	1	done	1.560772784	1	done	38.601252855	1
pnueli-zuck.89	TIMEOUT	3602.269350415	NO_VALUE	TIMEOUT	3602.244067393	NO_VALUE	TIMEOUT	3602.248648065	NO_VALUE	OUT OF MEMORY	2497.638007779	NO_VALUE	done	129.764678559	1	done	190.49979138	1	done	1369.286887171	1	done	24.781454058	NA	TIMEOUT	3600.380318116	NA
zeroconf_dl.deadline_min.deadline_1000	TIMEOUT	3602.230304746	NO_VALUE	TIMEOUT	3602.212056524	NO_VALUE	TIMEOUT	3602.197818668	NO_VALUE	done	158.867240136	0	done	34.999087605	4.488664405e-68	done	4.658072808	0	done	3.486058671	0	done	0.362419118	0.001	done	14.777209142	0
zeroconf_dl.deadline_min.deadline_1600	TIMEOUT	3602.214712593	NO_VALUE	TIMEOUT	3602.230189731	NO_VALUE	TIMEOUT	3602.200467237	NO_VALUE	done	260.698018766	0	done	61.651996221	6.811898604e-86	done	4.61502279	0	done	3.513315008	0.0012048192771084338	done	0.357816439	0.001	done	14.564588268	0.002
zeroconf_dl.deadline_min.deadline_200	TIMEOUT	3602.213447486	NO_VALUE	done	1904.983036068	5.028946552e-207	done	942.35207827	5.028946552e-207	done	24.597177702	5.028946552e-207	done	8.418539821	2.62256395e-43	done	4.491972818	0	done	3.513821699	0	done	0.358277651	0.002	done	14.615762125	0.002
zeroconf_dl.deadline_min.deadline_300	TIMEOUT	3602.215027161	NO_VALUE	done	3311.92375611	2.629591166e-314	done	1099.724259505	2.629591166e-314	done	40.441820137	2.629591166e-314	done	10.726780498	4.102450872e-47	done	4.415737031	0	done	3.500651499	0	done	0.363516754	0.002	done	14.75658182	0
zeroconf_dl.deadline_min.deadline_3200	TIMEOUT	3602.205505836	NO_VALUE	TIMEOUT	3602.225262582	NO_VALUE	TIMEOUT	3602.207036768	NO_VALUE	OUT OF MEMORY	260.672259139	NO_VALUE	done	133.860282784	8.706365528e-135	done	4.408628238	0	done	3.598056379	0.002150537634408602	done	0.368030626	0.002	done	15.469975589	0
zeroconf_dl.deadline_min.deadline_600	TIMEOUT	3602.226609412	NO_VALUE	TIMEOUT	3602.213797062	NO_VALUE	done	3396.552759949	0	done	90.959242791	0	done	19.55431668	9.350502303e-55	done	4.564060284	0	done	3.541168352	0.0012048192771084338	done	0.358487777	0	done	14.718336608	0
zeroconf_dl.deadline_max.deadline_1000	TIMEOUT	3602.107466325	NO_VALUE	TIMEOUT	3602.210918769	NO_VALUE	TIMEOUT	3602.34777377	NO_VALUE	done	321.522649191	0.005397647598	done	45.553403801	0.005390585799	done	7.042340801	0.005171567667	done	1.535805415	0	done	0.370146653	0	done	14.954440999	0.001
zeroconf_dl.deadline_max.deadline_1600	TIMEOUT	3602.211114897	NO_VALUE	TIMEOUT	3602.108497271	NO_VALUE	TIMEOUT	3602.269921988	NO_VALUE	done	530.913609663	0.005397647598	done	72.886040174	0.005390585799	done	7.069695637	0.004907327238	done	1.551747543	0.0029411764705882353	done	0.361500479	0.001	done	14.751530501	0.003
zeroconf_dl.deadline_max.deadline_3200	TIMEOUT	3602.205465122	NO_VALUE	TIMEOUT	3602.19574652	NO_VALUE	TIMEOUT	3602.233813175	NO_VALUE	OUT OF MEMORY	255.760431388	NO_VALUE	done	145.460757418	0.005390585799	done	6.993841938	0.004454343114	done	1.576334267	0.003669724770642202	done	0.360473806	0.004	done	14.85956636	0.002
philosophers.13	done	215.763804595	1	done	183.950695319	1	ERROR (2)	205.633788256	NO_VALUE	OUT OF MEMORY	469.98566469	NO_VALUE	done	0.893248742	1	done	2.533947352	1	done	5.622057355	0.280119926199262	done	0.731307435	1	done	17.793534735	0.491
philosophers.144	TIMEOUT	3602.018872705	NO_VALUE	TIMEOUT	3601.995561938	NO_VALUE	TIMEOUT	3601.955989132	NO_VALUE	OUT OF MEMORY	1668.328989389	NO_VALUE	done	10.602276565	1	done	12.218284739	1	done	116.155662007	0	done	74.431685056	1	done	858.589446437	0
philosophers.21	done	2130.047821299	1	done	1801.195919428	1	ERROR (2)	1712.313402836	NO_VALUE	OUT OF MEMORY	512.381890931	NO_VALUE	done	1.350091683	1	done	3.024373374	1	done	12.983057793	0.5004530011325028	done	1.241192636	1	done	31.781062961	0.264
philosophers.34	TIMEOUT	3602.243724308	NO_VALUE	TIMEOUT	3602.193732684	NO_VALUE	TIMEOUT	3602.246391495	NO_VALUE	OUT OF MEMORY	658.383621534	NO_VALUE	done	2.071999741	1	done	3.876381201	1	done	12.818067537	0	done	2.775339702	1	done	66.800475899	0
philosophers.55	TIMEOUT	3602.125709336	NO_VALUE	TIMEOUT	3602.155319587	NO_VALUE	TIMEOUT	3602.122759215	NO_VALUE	OUT OF MEMORY	934.646054537	NO_VALUE	done	3.448965411	1	done	5.041667395	1	done	35.203023292	0.5035471698113207	done	8.051460512	1	done	169.998968645	0
philosophers.89	TIMEOUT	3602.106099509	NO_VALUE	TIMEOUT	3602.025424187	NO_VALUE	TIMEOUT	3602.11649167	NO_VALUE	OUT OF MEMORY	1012.489785752	NO_VALUE	done	5.885005272	1	done	7.62623361	1	done	53.22324767	0	done	23.023742709	1	done	363.023610392	0
mer.n_144000	TIMEOUT	3602.222343591	NO_VALUE	TIMEOUT	3602.235326108	NO_VALUE	TIMEOUT	3602.19476423	NO_VALUE	done	0.047278858	0	done	0.350712078	0	done	0.927895702	0	done	0.444997827	NA	done	0.362037443	NA	done	6.727734694	0
mer.n_55000	TIMEOUT	3602.235386326	NO_VALUE	TIMEOUT	3602.277071645	NO_VALUE	TIMEOUT	3602.259128087	NO_VALUE	done	0.049704278	0	done	0.371691876	0	done	0.887424129	0	done	0.386770094	NA	done	0.354199866	NA	done	6.420151259	0
mer.n_89000	TIMEOUT	3602.22872744	NO_VALUE	TIMEOUT	3602.221264511	NO_VALUE	TIMEOUT	3602.228308471	NO_VALUE	done	0.048966905	0	done	0.387309836	0	done	0.983653701	0	done	0.431029692	NA	done	0.352396137	NA	done	6.453266237	0
mer.x_1.44	ERROR (1)	0.032200791	NO_VALUE	ERROR (1)	0.02211175	NO_VALUE	ERROR (1)	0.031650709	NO_VALUE	ERROR (1)	0.028827875	NO_VALUE	ERROR (1)	0.21882852	NO_VALUE	done	0.192247428	NO_VALUE	done	0.383881611	NA	done	0.369020063	NA	done	6.375525201	0
firewire_dl.deadline_14400	TIMEOUT	3602.102534474	NO_VALUE	TIMEOUT	3602.209655877	NO_VALUE	TIMEOUT	3602.20777465	NO_VALUE	done	24.332104607	1	done	796.2269533	1	done	49.892790844	1	done	9.967603693	1	done	0.408352538	1	done	70.246415989	1
firewire_dl.deadline_8900	TIMEOUT	3602.217522081	NO_VALUE	done	2110.620211158	1	done	1986.461866805	1	done	14.763226277	1	done	385.934730614	1	done	50.424323198	1	done	10.030710284	1	done	0.434553422	1	done	69.965897016	1
csma.all_before_max.N_13.K_2	TIMEOUT	3602.22740447	NO_VALUE	TIMEOUT	3602.231910235	NO_VALUE	TIMEOUT	3602.120262708	NO_VALUE	OUT OF MEMORY	283.875556578	NO_VALUE	OUT OF MEMORY	60.051358738	NO_VALUE	OUT OF MEMORY	60.529999719	NO_VALUE	done	170.698323844	0	done	1.800161341	0	done	1300.656653379	0
csma.all_before_max.N_144.K_2	TIMEOUT	3601.773410664	NO_VALUE	TIMEOUT	3601.897497082	NO_VALUE	TIMEOUT	3601.839128141	NO_VALUE	OUT OF MEMORY	246.008646092	NO_VALUE	OUT OF MEMORY	68.676056766	NO_VALUE	OUT OF MEMORY	68.626757801	NO_VALUE	TIMEOUT	3600.305529617	NA	done	292.056121035	0	TIMEOUT	3600.306894678	NA
csma.all_before_max.N_2.K_10	TIMEOUT	3602.03749098	NO_VALUE	TIMEOUT	3602.00630098	NO_VALUE	done	1403.802719633	1	done	147.097324426	1	TIMEOUT	7200.320713476	NO_VALUE	done	173.349068472	1	done	92.098400061	1	done	2.849193858	1	done	631.325123818	1
csma.all_before_max.N_2.K_13	TIMEOUT	3600.52759289	NO_VALUE	TIMEOUT	3600.752952336	NO_VALUE	TIMEOUT	3600.729961366	NO_VALUE	OUT OF MEMORY	399.816745962	NO_VALUE	TIMEOUT	7200.269970399	NO_VALUE	done	1201.61150376	1	done	661.41145165	1	done	31.488717622	1	TIMEOUT	3600.428038005	NA
csma.all_before_max.N_2.K_17	TIMEOUT	3602.337758051	NO_VALUE	TIMEOUT	3602.340121465	NO_VALUE	TIMEOUT	3602.398321652	NO_VALUE	OUT OF MEMORY	252.113401082	NO_VALUE	TIMEOUT	7200.378293055	NO_VALUE	TIMEOUT	7200.386939855	NO_VALUE	ABORTED	53.129352269	NA	ABORTED	52.527498007	NA	ABORTED	53.291860173	NA
csma.all_before_max.N_21.K_2	TIMEOUT	3602.185836921	NO_VALUE	TIMEOUT	3602.130987881	NO_VALUE	TIMEOUT	3602.069214191	NO_VALUE	OUT OF MEMORY	305.011447606	NO_VALUE	OUT OF MEMORY	60.542282532	NO_VALUE	OUT OF MEMORY	60.263658189	NO_VALUE	done	418.310365308	0	done	3.688866001	0	done	2969.008089991	0
csma.all_before_max.N_34.K_2	TIMEOUT	3602.160044976	NO_VALUE	TIMEOUT	3602.159115405	NO_VALUE	TIMEOUT	3602.205507295	NO_VALUE	OUT OF MEMORY	231.259887631	NO_VALUE	OUT OF MEMORY	61.178018185	NO_VALUE	OUT OF MEMORY	61.149344518	NO_VALUE	done	1149.97940839	0	done	9.249132222	0	TIMEOUT	3600.310002489	NA
csma.all_before_max.N_55.K_2	TIMEOUT	3602.144661242	NO_VALUE	TIMEOUT	3602.171829098	NO_VALUE	TIMEOUT	3602.132869017	NO_VALUE	OUT OF MEMORY	289.710216164	NO_VALUE	OUT OF MEMORY	62.620762913	NO_VALUE	OUT OF MEMORY	62.815484049	NO_VALUE	done	3500.549150182	0	done	25.930931867	0	TIMEOUT	3600.295720144	NA
csma.all_before_max.N_8.K_2	TIMEOUT	3602.215357193	NO_VALUE	TIMEOUT	3602.167645961	NO_VALUE	ERROR (2)	619.637441056	NO_VALUE	OUT OF MEMORY	328.751688508	NO_VALUE	TIMEOUT	7200.27781697	NO_VALUE	TIMEOUT	7200.278988738	NO_VALUE	done	56.574936126	0.03389830508474576	done	1.104073163	0.02	done	551.700686125	0.027
csma.all_before_max.N_89.K_2	TIMEOUT	3602.033618808	NO_VALUE	TIMEOUT	3602.010468735	NO_VALUE	TIMEOUT	3602.008847144	NO_VALUE	OUT OF MEMORY	231.020647482	NO_VALUE	OUT OF MEMORY	64.544329135	NO_VALUE	OUT OF MEMORY	65.353010885	NO_VALUE	TIMEOUT	3600.301419027	NA	done	84.425786132	0	TIMEOUT	3600.308970416	NA
csma.all_before_min.N_13.K_2	TIMEOUT	3602.245881695	NO_VALUE	TIMEOUT	3602.138252815	NO_VALUE	TIMEOUT	3602.168716661	NO_VALUE	OUT OF MEMORY	289.450163883	NO_VALUE							done	171.034248334	0	done	1.845495225	0	done	1227.436393984	0
csma.all_before_min.N_144.K_2	TIMEOUT	3601.791773824	NO_VALUE	TIMEOUT	3601.884910804	NO_VALUE	TIMEOUT	3601.905323533	NO_VALUE	OUT OF MEMORY	250.201447901	NO_VALUE							TIMEOUT	3600.301128659	NA	done	285.536965272	0	TIMEOUT	3600.308917028	NA
csma.all_before_min.N_2.K_10	TIMEOUT	3602.040216062	NO_VALUE	done	2430.974734923	1	done	1430.085983118	1	done	28.077400207	1							done	92.341821095	1	done	2.826811561	1	done	632.590116479	1
csma.all_before_min.N_2.K_13	TIMEOUT	3600.596639871	NO_VALUE	TIMEOUT	3600.754331646	NO_VALUE	TIMEOUT	3600.693222807	NO_VALUE	OUT OF MEMORY	398.327399267	NO_VALUE							done	665.2876258	1	done	32.065187739	1	TIMEOUT	3600.396759105	NA
csma.all_before_min.N_2.K_17	TIMEOUT	3602.375133056	NO_VALUE	TIMEOUT	3602.343921516	NO_VALUE	TIMEOUT	3602.341399569	NO_VALUE	OUT OF MEMORY	249.668244614	NO_VALUE							ABORTED	52.779523718	NA	ABORTED	54.230231631	NA	ABORTED	53.332987286	NA
csma.all_before_min.N_2.K_2	done	29.580541311	0.875	done	24.175691659	0.875	done	22.136450976	0.875	done	0.04108386	0.875							done	8.578124289	0.8785472972972973	done	0.401437572	0.881	done	58.400917535	0.871
csma.all_before_min.N_2.K_3	done	38.72278522	0.984375	done	29.728241693	0.984375	done	22.797224749	0.984375	done	0.048610456	0.984375							done	9.49602067	0.9868932038834951	done	0.410481181	0.983	done	67.719300738	0.983
csma.all_before_min.N_2.K_5	done	68.864143282	0.9999694824	done	83.446103619	0.9999694824	done	42.666639209	0.9999694824	done	0.138196759	0.9999694824							done	11.771302355	1	done	0.467347893	1	done	81.986355618	1
csma.all_before_min.N_2.K_6	done	91.599701698	0.9999974549	done	71.80594739	0.9999995232	done	60.176893823	0.9999995232	done	0.327619942	0.9999995232							done	13.521235592	1	done	0.514117576	1	done	92.531341024	1
csma.all_before_min.N_2.K_7	done	184.079779293	0.9999999653	done	131.570149004	0.9999999963	done	78.606200971	0.9999999963	done	0.864219089	0.9999999963							done	23.794647882	1	done	0.684801353	1	done	162.219285093	1
csma.all_before_min.N_2.K_8	done	332.654540661	0.9999999998	done	213.966120046	1	done	131.880665778	1	done	2.544706791	1							done	34.443753733	1	done	0.95088933	1	done	246.973590292	1
csma.all_before_min.N_21.K_2	TIMEOUT	3602.242013172	NO_VALUE	TIMEOUT	3602.241967111	NO_VALUE	TIMEOUT	3602.204253195	NO_VALUE	OUT OF MEMORY	302.405759302	NO_VALUE							done	417.495196091	0	done	3.851301951	0	done	2978.375310941	0
csma.all_before_min.N_3.K_2	done	107.134245195	0.4349666203	done	80.931316035	0.4349666249	done	53.862836132	0.4349666249	done	0.230694102	0.4349666249							done	15.93469052	0.5204305135951661	done	0.483074406	0.664	done	117.169728179	0.505
csma.all_before_min.N_34.K_2	TIMEOUT	3601.990719017	NO_VALUE	TIMEOUT	3602.172600387	NO_VALUE	TIMEOUT	3602.181690728	NO_VALUE	OUT OF MEMORY	232.81591764	NO_VALUE							done	1125.509544134	0	done	9.4462281	0	TIMEOUT	3600.308324252	NA
csma.all_before_min.N_5.K_2	TIMEOUT	3602.236703807	NO_VALUE	done	2229.873815258	0.009223525497	done	1750.091623508	0.009223525497	done	122.557336513	0.009223525497							done	29.527441813	0.17422024188415022	done	0.752234992	0.244	done	284.186322756	0.191
csma.all_before_min.N_55.K_2	TIMEOUT	3602.099665106	NO_VALUE	TIMEOUT	3602.026573842	NO_VALUE	TIMEOUT	3602.130461194	NO_VALUE	OUT OF MEMORY	285.943649824	NO_VALUE							done	3524.908317289	0	done	26.949343328	0	TIMEOUT	3600.295481902	NA
csma.all_before_min.N_8.K_2	TIMEOUT	3602.21073956	NO_VALUE	TIMEOUT	3602.200383564	NO_VALUE	ERROR (2)	633.842193835	NO_VALUE	OUT OF MEMORY	326.274558783	NO_VALUE							done	78.848770531	0.010555555555555556	done	1.057001822	0.018	done	553.968223253	0.006
csma.all_before_min.N_89.K_2	TIMEOUT	3602.065056918	NO_VALUE	TIMEOUT	3601.863110015	NO_VALUE	TIMEOUT	3602.037964354	NO_VALUE	OUT OF MEMORY	230.094871753	NO_VALUE							TIMEOUT	3600.301185183	NA	done	84.095863053	0	TIMEOUT	3600.304434471	NA
csma.some_before.N_13.K_2	TIMEOUT	3602.184908115	NO_VALUE	TIMEOUT	3602.096341204	NO_VALUE	ERROR (2)	1912.447238158	NO_VALUE	OUT OF MEMORY	288.571744099	NO_VALUE	OUT OF MEMORY	60.413829252	NO_VALUE	OUT OF MEMORY	59.961001607	NO_VALUE	done	620.67583099	0.5630733944954128	done	3.687607581	0.749	done	3075.432326255	0.548
csma.some_before.N_144.K_2	TIMEOUT	3601.906447945	NO_VALUE	TIMEOUT	3601.881799396	NO_VALUE	TIMEOUT	3601.834399179	NO_VALUE	OUT OF MEMORY	247.310323798	NO_VALUE	OUT OF MEMORY	68.616504198	NO_VALUE	OUT OF MEMORY	68.269142736	NO_VALUE	done	5.276493691	NA	done	5.747175863	NA	done	6.529762653	NA
csma.some_before.N_2.K_10	done	1635.92961529	1	done	985.184317084	1	done	1207.623000096	1	done	27.551877665	1	TIMEOUT	7200.329268973	NO_VALUE	done	132.83787132	1	done	46.028203089	1	done	2.210650105	1	done	303.464691957	1
csma.some_before.N_2.K_13	TIMEOUT	3600.757791698	NO_VALUE	TIMEOUT	3600.584057219	NO_VALUE	TIMEOUT	3600.691390483	NO_VALUE	OUT OF MEMORY	394.422811231	NO_VALUE	TIMEOUT	7200.279720839	NO_VALUE	done	1004.661859105	1	done	328.854667678	1	done	26.777919807	1	done	2089.695281397	1
csma.some_before.N_2.K_17	TIMEOUT	3602.382663788	NO_VALUE	TIMEOUT	3602.334242349	NO_VALUE	TIMEOUT	3602.414833884	NO_VALUE	OUT OF MEMORY	233.641553492	NO_VALUE	TIMEOUT	7200.412233799	NO_VALUE	TIMEOUT	7200.380582661	NO_VALUE	ABORTED	52.179338341	NA	ABORTED	52.43625849	NA	ABORTED	51.965021146	NA
csma.some_before.N_21.K_2	TIMEOUT	3602.094323144	NO_VALUE	TIMEOUT	3602.142466174	NO_VALUE	TIMEOUT	3602.198501481	NO_VALUE	OUT OF MEMORY	308.011733157	NO_VALUE	OUT OF MEMORY	60.573502714	NO_VALUE	OUT OF MEMORY	60.19430765	NO_VALUE	done	2545.924845992	0.5589851201831362	done	13.551416301	0.754	TIMEOUT	3600.304870461	NA
csma.some_before.N_34.K_2	TIMEOUT	3601.977012462	NO_VALUE	TIMEOUT	3602.126941868	NO_VALUE	TIMEOUT	3602.087932026	NO_VALUE	OUT OF MEMORY	232.788535928	NO_VALUE	OUT OF MEMORY	61.714791114	NO_VALUE	OUT OF MEMORY	60.955304119	NO_VALUE	TIMEOUT	3600.299621928	NA	done	57.097717238	0.712	TIMEOUT	3600.305727651	NA
csma.some_before.N_55.K_2	TIMEOUT	3601.956261067	NO_VALUE	TIMEOUT	3602.082271349	NO_VALUE	TIMEOUT	3601.96672378	NO_VALUE	OUT OF MEMORY	289.039971236	NO_VALUE	OUT OF MEMORY	62.932941721	NO_VALUE	OUT OF MEMORY	62.655083449	NO_VALUE	done	1.6482366	NA	done	1.639435419	NA	done	1.98255033	NA
csma.some_before.N_8.K_2	done	722.374043762	0.03542137146	TIMEOUT	3602.346297897	NO_VALUE	ERROR (2)	342.911615164	NO_VALUE	OUT OF MEMORY	333.952888627	NO_VALUE	TIMEOUT	7200.284003853	NO_VALUE	TIMEOUT	7200.272967648	NO_VALUE	done	180.893561615	0.512797281993205	done	1.336342484	0.773	done	854.989928712	0.513
csma.some_before.N_89.K_2	TIMEOUT	3601.741010867	NO_VALUE	TIMEOUT	3602.031655669	NO_VALUE	TIMEOUT	3602.035295949	NO_VALUE	OUT OF MEMORY	225.892068851	NO_VALUE	OUT OF MEMORY	64.905818908	NO_VALUE	OUT OF MEMORY	64.534290916	NO_VALUE	done	3.267796738	NA	done	2.906255428	NA	done	3.210699966	NA
consensus.c2.N_13	done	45.895117914	0	done	39.635286042	0	OUT OF MEMORY	388.154984163	NO_VALUE	OUT OF MEMORY	274.881977537	NO_VALUE	done	466.731266717	0.4647543657	done	6962.080186792	0.4649503529	done	0.824681898	NA	done	1.551948681	0.5	done	2.818625338	NA
consensus.c2.N_144	TIMEOUT	3602.071285018	NO_VALUE	TIMEOUT	3602.092973464	NO_VALUE	TIMEOUT	3602.098453337	NO_VALUE	OUT OF MEMORY	293.857828935	NO_VALUE	OUT OF MEMORY	1858.684644411	NO_VALUE	TIMEOUT	7200.324457793	NO_VALUE	done	4.163467244	NA	done	4.179608744	NA	done	4.189405361	NA
consensus.c2.N_21	done	65.153942519	0	done	69.948116037	0	ERROR (2)	70.571317575	NO_VALUE	OUT OF MEMORY	262.049734994	NO_VALUE	OUT OF MEMORY	1602.91904595	NO_VALUE	TIMEOUT	7200.265164687	NO_VALUE	done	0.563160938	NA	done	0.562968897	NA	done	0.931860815	NA
consensus.c2.N_34	done	143.60750461	0	done	125.322272305	0	ERROR (2)	137.020783722	NO_VALUE	OUT OF MEMORY	298.280963085	NO_VALUE	OUT OF MEMORY	1269.547536831	NO_VALUE	TIMEOUT	7200.26523882	NO_VALUE	done	1.100900875	NA	done	0.825081299	NA	done	0.967341705	NA
consensus.c2.N_55	done	417.266869577	0	done	383.944752711	0	ERROR (2)	319.370207916	NO_VALUE	OUT OF MEMORY	254.69266934	NO_VALUE	OUT OF MEMORY	1628.144606055	NO_VALUE	TIMEOUT	7200.281448374	NO_VALUE	done	1.280250689	NA	done	1.271108506	NA	done	1.305978724	NA
consensus.c2.N_8	done	23.127439357	0	done	25.536010095	0	done	54.357179388	0	OUT OF MEMORY	318.980396429	NO_VALUE	done	12.430619708	0.4645965143	done	1267.403308069	0.4652146101	done	222.425266718	0.47979607250755285	done	2.160348826	0.512	done	1588.842572643	0.502
consensus.c2.N_89	done	1418.525490788	0	done	1614.071587291	0	ERROR (2)	1582.421410887	NO_VALUE	OUT OF MEMORY	316.992450967	NO_VALUE	OUT OF MEMORY	1655.712225396	NO_VALUE	TIMEOUT	7200.288492498	NO_VALUE	done	2.26339735	NA	done	2.231094665	NA	done	2.298963358	NA
consensus.disagree.N_13	done	46.832252738	0	done	44.364219468	0	OUT OF MEMORY	412.780797447	NO_VALUE	OUT OF MEMORY	271.532259509	NO_VALUE	done	669.900850597	0.04586406712	done	6800.925852817	0.04435468465	done	2.906196504	NA	done	2.060525526	0.03125	done	1.621303523	NA
consensus.disagree.N_144	TIMEOUT	3602.013140662	NO_VALUE	TIMEOUT	3602.013549242	NO_VALUE	TIMEOUT	3602.069480169	NO_VALUE	OUT OF MEMORY	294.355738071	NO_VALUE	OUT OF MEMORY	1762.641411985	NO_VALUE	TIMEOUT	7200.318536738	NO_VALUE	done	4.182949623	NA	done	4.350842512	NA	done	4.475257782	NA
consensus.disagree.N_21	done	58.549141308	0	done	65.181312316	0	ERROR (2)	70.288850601	NO_VALUE	OUT OF MEMORY	258.718382219	NO_VALUE	OUT OF MEMORY	1508.741970333	NO_VALUE	TIMEOUT	7200.274677898	NO_VALUE	done	0.529799397	NA	done	0.664740668	NA	done	0.538956752	NA
consensus.disagree.N_34	done	127.262050983	0	done	121.671563613	0	ERROR (2)	148.329883556	NO_VALUE	OUT OF MEMORY	298.073691741	NO_VALUE	OUT OF MEMORY	1225.853221723	NO_VALUE	TIMEOUT	7200.276800212	NO_VALUE	done	0.816365869	NA	done	0.808910487	NA	done	0.928924848	NA
consensus.disagree.N_55	done	490.985038411	0	done	391.417710113	0	ERROR (2)	358.239318401	NO_VALUE	OUT OF MEMORY	253.507856187	NO_VALUE	OUT OF MEMORY	1492.245342366	NO_VALUE	TIMEOUT	7200.303361901	NO_VALUE	done	1.301697025	NA	done	1.294772072	NA	done	1.307630884	NA
consensus.disagree.N_8	done	23.394122594	0	done	27.085794004	0	done	52.952343462	0	OUT OF MEMORY	328.846813047	NO_VALUE	done	11.398928159	0.05885686208	done	1421.236347278	0.05934090912	done	114.24905292	NA	done	2.23309239	0.024	done	89.133798136	NA
consensus.disagree.N_89	done	1338.138572479	0	done	1086.062502841	0	ERROR (2)	1424.680403148	NO_VALUE	OUT OF MEMORY	315.019715167	NO_VALUE	OUT OF MEMORY	1587.544692176	NO_VALUE	TIMEOUT	7200.294562298	NO_VALUE	done	2.283299083	NA	done	2.252489467	NA	done	2.213754377	NA
