tool	Storm 	Storm 	Storm 	Storm 	Storm 	Storm 	Storm 	Storm 	Storm 	Storm 	Storm 	Storm 	Storm 	Storm 	Storm 	Storm 	Storm 	Storm 	Modest 	Modest 	Modest 	Modest 	Modest 	Modest 	Modest 	Modest 	Modest 
run set	storm-baseline-actions.dd-engine	storm-baseline-actions.dd-engine	storm-baseline-actions.dd-engine	storm-baseline-actions.hybrid-engine	storm-baseline-actions.hybrid-engine	storm-baseline-actions.hybrid-engine	storm-baseline-actions.dd-to-sparse-engine	storm-baseline-actions.dd-to-sparse-engine	storm-baseline-actions.dd-to-sparse-engine	storm-baseline-actions.sparse-engine	storm-baseline-actions.sparse-engine	storm-baseline-actions.sparse-engine	1-2-3-Go-action.exact	1-2-3-Go-action.exact	1-2-3-Go-action.exact	1-2-3-Go-action.smc	1-2-3-Go-action.smc	1-2-3-Go-action.smc	modest-baseline-actions.lss	modest-baseline-actions.lss	modest-baseline-actions.lss	modest-baseline-actions.uniform	modest-baseline-actions.uniform	modest-baseline-actions.uniform	modest-baseline-actions.random	modest-baseline-actions.random	modest-baseline-actions.random
../benchexec-input/action-task-yml/	status	cputime (s)	probability	status	cputime (s)	probability	status	cputime (s)	probability	status	cputime (s)	probability	status	cputime (s)	probability	status	cputime (s)	probability	status	cputime (s)	probability	status	cputime (s)	probability	status	cputime (s)	probability
pnueli-zuck.13	done	511.551400668	1	done	441.309159977	1	ERROR (2)	230.285611415	NO_VALUE	OUT OF MEMORY	985.616847021	NO_VALUE	done	3.322615781	1	done	58.53978987	1	done	15.303843155	1	done	6.312867762	1	done	89.375564079	1
pnueli-zuck.144	TIMEOUT	3602.268036281	NO_VALUE	TIMEOUT	3602.2675774	NO_VALUE	TIMEOUT	3602.275177164	NO_VALUE	OUT OF MEMORY	3500.960754037	NO_VALUE	done	337.113352055	1	done	386.844230368	1	TIMEOUT	3600.473831451	NA	done	66.198517518	NA	TIMEOUT	3600.48494752	NA
pnueli-zuck.21	done	2342.661182966	1	done	2921.6073138	1	ERROR (2)	658.850593254	NO_VALUE	OUT OF MEMORY	1324.066659227	NO_VALUE	done	7.992955074	1	done	64.679986626	1	done	36.415591675	1	done	31.893141758	1	done	256.095922843	1
pnueli-zuck.3	done	38.122839687	1	done	33.31073199	1	done	32.872177153	1	done	0.053275716	1	done	0.415234646	1	done	56.468943088	1	done	2.971540135	1	done	0.40814284	1	done	12.215933121	1
pnueli-zuck.34	TIMEOUT	3601.918270899	NO_VALUE	TIMEOUT	3601.910519613	NO_VALUE	ERROR (2)	2922.341402352	NO_VALUE	OUT OF MEMORY	1649.758759895	NO_VALUE	done	19.605465778	1	done	78.378834226	1	done	124.934350075	1	done	4.187764728	NA	done	871.386451534	1
pnueli-zuck.5	done	81.01885805	1	done	88.688844753	1	done	105.446184615	1	done	4.255439994	1	done	0.785290235	1	done	55.619076501	1	done	4.220499726	1	done	0.700826815	1	done	19.734663756	1
pnueli-zuck.55	TIMEOUT	3601.32188285	NO_VALUE	TIMEOUT	3601.318228719	NO_VALUE	TIMEOUT	3601.300864466	NO_VALUE	OUT OF MEMORY	1691.408566062	NO_VALUE	done	49.563801874	1	done	106.838174073	1	done	433.649196384	1	done	10.046314904	NA	done	2612.310185092	1
pnueli-zuck.8	done	185.051930486	1	done	164.209911917	1	OUT OF MEMORY	1220.339437673	NO_VALUE	OUT OF MEMORY	719.154924714	NO_VALUE	done	1.53349201	1	done	60.430499009	1	done	7.236036813	1	done	1.560772784	1	done	38.601252855	1
pnueli-zuck.89	TIMEOUT	3602.269350415	NO_VALUE	TIMEOUT	3602.244067393	NO_VALUE	TIMEOUT	3602.248648065	NO_VALUE	OUT OF MEMORY	2497.638007779	NO_VALUE	done	129.764678559	1	done	190.49979138	1	done	1369.286887171	1	done	24.781454058	NA	TIMEOUT	3600.380318116	NA
zeroconf_dl.deadline_min.K_1	done	101.618139135	0.001424816451	done	97.769113523	0.001424816451	done	48.883460085	0.001424816451	done	0.076052131	0.001424816451	done	1.676623806	0.004227527321	done	4.55285535	0.003925861791	done	3.489222976	0.006521739130434782	done	0.378475484	0.009	done	14.5025644	0.004
zeroconf_dl.deadline_min.K_16	done	149.102327824	1	done	145.385152341	1	done	113.571617772	1	done	0.193908303	1	done	2.029178607	1	done	5.772959409	1	done	4.097128871	1	done	0.356305874	1	done	19.133256096	1
zeroconf_dl.deadline_min.K_2	done	65.291419873	0.3388006369	done	165.06401243	0.3388006372	done	153.998146812	0.3388006372	done	0.179979832	0.3388006372	done	2.04256274	0.3418282094	done	5.173369897	0.3470990062	done	2.905212501	0.338715060492282	done	0.368129159	0.337	done	17.606236798	0.377
zeroconf_dl.deadline_min.K_3	done	151.300021999	1	done	148.691574224	1	done	144.097500195	1	done	0.196569384	1	done	2.044705769	1	done	5.93967428	1	done	3.981084266	1	done	0.365518283	1	done	18.460627822	1
zeroconf_dl.deadline_min.K_32	done	156.960612975	1	done	152.626537793	1	done	66.200336771	1	done	0.201567988	1	done	2.053004781	1	done	6.116412926	1	done	4.109794925	1	done	0.363235599	1	done	20.00402329	1
zeroconf_dl.deadline_min.K_4	done	70.768715627	1	done	145.997908975	1	done	145.386505066	1	done	0.196400989	1	done	2.03907019	1	done	5.911272435	1	done	4.03666904	1	done	0.358288516	1	done	18.731440587	1
zeroconf_dl.deadline_min.K_8	done	79.375402853	1	done	155.302721513	1	done	62.378405536	1	done	0.195700424	1	done	2.044900385	1	done	5.993957725	1	done	4.083223767	1	done	0.361453866	1	done	19.513310155	1
zeroconf_dl.deadline_min.N_1000	done	107.526319804	0.001424816451	done	99.07910698	0.001424816451	done	98.560510109	0.001424816451	done	0.078076186	0.001424816451	done	1.681739369	0.004227527321	done	4.552050239	0.004756332375	done	3.582290867	0.0012048192771084338	done	0.364169043	0.011	done	14.623361137	0.002
zeroconf_dl.deadline_min.N_16000	done	110.295822695	0.03470863982	done	79.09549477	0.03470864019	done	99.306172601	0.03470864019	done	0.083803638	0.03470864019	done	1.641402567	0.08798312742	done	5.182304069	0.09172926843	done	2.073044473	0.0727741935483871	done	0.337908322	0.13	done	15.925309466	0.09
zeroconf_dl.deadline_min.N_2000	done	114.836122563	0.002933017095	done	89.90697942	0.002933017106	done	46.550662964	0.002933017106	done	0.082518833	0.002933017106	done	1.642613537	0.008625950453	done	4.62655085	0.008946434595	done	3.619453706	0.0012048192771084338	done	0.356845856	0.019	done	14.763695287	0.01
zeroconf_dl.deadline_min.N_32000	done	59.99193846	0.1068034198	done	73.798405664	0.1068034215	done	99.423456411	0.1068034215	done	0.081472135	0.1068034215	done	1.628802619	0.2228617513	done	5.822927361	0.2184515446	done	2.967539761	0.21976305869682283	done	0.366012192	0.336	done	18.523985696	0.224
zeroconf_dl.deadline_min.N_4000	done	102.430716664	0.006211751785	done	107.241915508	0.006211751807	done	96.333204182	0.006211751807	done	0.083835722	0.006211751807	done	1.682259795	0.01790587298	done	4.677398332	0.02019553818	done	3.542808185	0.00784313725490196	done	0.375370233	0.034	done	14.757161091	0.006
zeroconf_dl.deadline_min.N_8000	done	111.808225427	0.01391008137	done	123.525942172	0.01391008151	done	105.204102562	0.01391008151	done	0.087099069	0.01391008151	done	1.650361736	0.03848590599	done	4.882586931	0.0398625955	done	3.639063022	0.024213836477987423	done	0.368233588	0.069	done	15.380673426	0.034
zeroconf_dl.deadline_min.deadline_100	done	1954.707928535	1.408879413e-100	done	1011.454553058	1.408879419e-100	done	388.639634713	1.408879419e-100	done	8.304773719	1.408879419e-100	done	5.784918071	1.694234878e-39	done	4.505000549	0	done	3.44321084	0	done	0.361035924	0.003	done	14.878145377	0
zeroconf_dl.deadline_min.deadline_1000	TIMEOUT	3602.230304746	NO_VALUE	TIMEOUT	3602.212056524	NO_VALUE	TIMEOUT	3602.197818668	NO_VALUE	done	158.867240136	0	done	34.999087605	4.488664405e-68	done	4.658072808	0	done	3.486058671	0	done	0.362419118	0.001	done	14.777209142	0
zeroconf_dl.deadline_min.deadline_1600	TIMEOUT	3602.214712593	NO_VALUE	TIMEOUT	3602.230189731	NO_VALUE	TIMEOUT	3602.200467237	NO_VALUE	done	260.698018766	0	done	61.651996221	6.811898604e-86	done	4.61502279	0	done	3.513315008	0.0012048192771084338	done	0.357816439	0.001	done	14.564588268	0.002
zeroconf_dl.deadline_min.deadline_200	TIMEOUT	3602.213447486	NO_VALUE	done	1904.983036068	5.028946552e-207	done	942.35207827	5.028946552e-207	done	24.597177702	5.028946552e-207	done	8.418539821	2.62256395e-43	done	4.491972818	0	done	3.513821699	0	done	0.358277651	0.002	done	14.615762125	0.002
zeroconf_dl.deadline_min.deadline_300	TIMEOUT	3602.215027161	NO_VALUE	done	3311.92375611	2.629591166e-314	done	1099.724259505	2.629591166e-314	done	40.441820137	2.629591166e-314	done	10.726780498	4.102450872e-47	done	4.415737031	0	done	3.500651499	0	done	0.363516754	0.002	done	14.75658182	0
zeroconf_dl.deadline_min.deadline_3200	TIMEOUT	3602.205505836	NO_VALUE	TIMEOUT	3602.225262582	NO_VALUE	TIMEOUT	3602.207036768	NO_VALUE	OUT OF MEMORY	260.672259139	NO_VALUE	done	133.860282784	8.706365528e-135	done	4.408628238	0	done	3.598056379	0.002150537634408602	done	0.368030626	0.002	done	15.469975589	0
zeroconf_dl.deadline_min.deadline_600	TIMEOUT	3602.226609412	NO_VALUE	TIMEOUT	3602.213797062	NO_VALUE	done	3396.552759949	0	done	90.959242791	0	done	19.55431668	9.350502303e-55	done	4.564060284	0	done	3.541168352	0.0012048192771084338	done	0.358487777	0	done	14.718336608	0
zeroconf_dl.deadline_max.K_1	done	117.234137006	0.01537893701	done	103.75802872	0.01537893701	done	50.514709852	0.01537893701	done	0.079055472	0.01537893701	done	3.993751326	0.01536	done	7.139293742	0.01630742475	done	1.79359154	0.00909090909090909	done	0.353023016	0.009	done	14.592027491	0.012
zeroconf_dl.deadline_max.K_16	done	66.103412759	1	done	69.390874512	1	done	155.60946883	1	done	0.196543316	1	done	4.608185643	1	done	8.715249752	1	done	4.075789427	1	done	0.357727518	1	done	19.080253317	1
zeroconf_dl.deadline_max.K_2	done	107.349674754	0.343585958	done	169.063076115	0.343585958	done	160.10479453	0.343585958	done	0.185728402	0.343585958	done	4.536706786	0.34356	done	7.721678923	0.3451738358	done	3.344961178	0.33334735071488647	done	0.368042302	0.36	done	17.284973339	0.345
zeroconf_dl.deadline_max.K_3	done	163.858501383	1	done	58.404629843	1	done	151.373153859	1	done	0.191063127	1	done	4.631914542	1	done	8.284120867	1	done	3.897460921	1	done	0.365674123	1	done	18.281284412	1
zeroconf_dl.deadline_max.K_32	done	176.36099359	1	done	166.340785633	1	done	141.392574266	1	done	0.192266044	1	done	4.642922564	1	done	8.906003888	1	done	4.093645089	1	done	0.358694116	1	done	19.051337099	1
zeroconf_dl.deadline_max.K_4	done	70.177892383	1	done	145.702585644	1	done	145.327607748	1	done	0.189594581	1	done	4.629616409	1	done	8.238606048	1	done	4.063637928	1	done	0.358378419	1	done	18.854908445	1
zeroconf_dl.deadline_max.K_8	done	166.197356538	1	done	163.465876468	1	done	132.172228726	1	done	0.187711521	1	done	4.62143818	1	done	8.749414948	1	done	4.24781699	1	done	0.367748644	1	done	19.517331649	1
zeroconf_dl.deadline_max.N_1000	done	65.76663639	0.01537893701	done	127.660883498	0.01537893701	done	99.914377043	0.01537893701	done	0.071313783	0.01537893701	done	4.007199197	0.01536	done	6.902624927	0.01502397005	done	1.841172418	0.013679245283018868	done	0.36535953	0.008	done	14.495426784	0.007
zeroconf_dl.deadline_max.N_16000	done	117.547067971	0.2460629921	done	54.771844204	0.2460629921	done	104.040997613	0.2460629921	done	0.072120237	0.2460629921	done	4.039516955	0.24606	done	7.709867349	0.2471405417	done	2.596670687	0.22412327311370883	done	0.36218002	0.139	done	16.272844708	0.189
zeroconf_dl.deadline_max.N_2000	done	99.469838623	0.03075787402	done	109.090687174	0.03075787402	done	108.772884761	0.03075787402	done	0.072080844	0.03075787402	done	4.064225061	0.03075	done	7.152392207	0.0311804004	done	2.159409679	0.02347266881028939	done	0.362745273	0.015	done	14.749880754	0.015
zeroconf_dl.deadline_max.N_32000	done	120.325399057	0.4921259843	done	108.375814519	0.4921259843	done	110.835936027	0.4921259843	done	0.085918774	0.4921259843	done	3.995186926	0.49212	done	8.749725752	0.4914876819	done	3.589057946	0.429048349961627	done	0.360675375	0.368	done	18.256489922	0.441
zeroconf_dl.deadline_max.N_4000	done	120.532079402	0.06151574803	done	117.426278174	0.06151574803	done	98.896895498	0.06151574803	done	0.0858785	0.06151574803	done	4.001330619	0.0615	done	7.179773333	0.06243629754	done	2.10028139	0.05645933014354067	done	0.349313022	0.033	done	15.125623305	0.037
zeroconf_dl.deadline_max.N_8000	done	58.695190915	0.1230314961	done	97.673444566	0.1230314961	done	93.516266457	0.1230314961	done	0.088414156	0.1230314961	done	3.999773346	0.12303	done	7.489877912	0.1226076782	done	2.468459461	0.09018338727076591	done	0.359830162	0.073	done	15.209251955	0.116
zeroconf_dl.deadline_max.deadline_100	done	1328.864331657	0.005397647283	done	1146.26790322	0.005397647598	done	742.535903022	0.005397647598	done	14.549472788	0.005397647598	done	11.143197698	0.005390585799	done	6.97514337	0.005360310897	done	1.570491829	0.0029411764705882353	done	0.350267478	0.001	done	14.853064755	0.002
zeroconf_dl.deadline_max.deadline_1000	TIMEOUT	3602.107466325	NO_VALUE	TIMEOUT	3602.210918769	NO_VALUE	TIMEOUT	3602.34777377	NO_VALUE	done	321.522649191	0.005397647598	done	45.553403801	0.005390585799	done	7.042340801	0.005171567667	done	1.535805415	0	done	0.370146653	0	done	14.954440999	0.001
zeroconf_dl.deadline_max.deadline_1600	TIMEOUT	3602.211114897	NO_VALUE	TIMEOUT	3602.108497271	NO_VALUE	TIMEOUT	3602.269921988	NO_VALUE	done	530.913609663	0.005397647598	done	72.886040174	0.005390585799	done	7.069695637	0.004907327238	done	1.551747543	0.0029411764705882353	done	0.361500479	0.001	done	14.751530501	0.003
zeroconf_dl.deadline_max.deadline_200	done	2271.338241496	0.005397647598	done	1906.40840456	0.005397647598	done	1376.132224538	0.005397647598	done	45.169085363	0.005397647598	done	14.167878622	0.005390585799	done	7.028806335	0.004756332375	done	1.575734871	0.003669724770642202	done	0.364164715	0	done	14.644405157	0.004
zeroconf_dl.deadline_max.deadline_300	done	2738.70924291	0.005397647598	done	1702.109304308	0.005397647598	done	2107.274384577	0.005397647598	done	79.877338138	0.005397647598	done	17.337294029	0.005390585799	done	6.941967748	0.004869578406	done	1.557380623	0.002150537634408602	done	0.361429146	0.002	done	14.703896061	0.001
zeroconf_dl.deadline_max.deadline_3200	TIMEOUT	3602.205465122	NO_VALUE	TIMEOUT	3602.19574652	NO_VALUE	TIMEOUT	3602.233813175	NO_VALUE	OUT OF MEMORY	255.760431388	NO_VALUE	done	145.460757418	0.005390585799	done	6.993841938	0.004454343114	done	1.576334267	0.003669724770642202	done	0.360473806	0.004	done	14.85956636	0.002
zeroconf_dl.deadline_max.deadline_600	done	2950.407909113	0.005397647598	done	3523.55893566	0.005397647598	done	3144.991509397	0.005397647598	done	185.582113217	0.005397647598	done	28.251562575	0.005390585799	done	7.12312592	0.005133818835	done	1.586724117	0.002150537634408602	done	0.352830916	0.002	done	14.775435272	0.001
philosophers.13	done	215.763804595	1	done	183.950695319	1	ERROR (2)	205.633788256	NO_VALUE	OUT OF MEMORY	469.98566469	NO_VALUE	done	0.893248742	1	done	2.533947352	1	done	5.622057355	0.280119926199262	done	0.731307435	1	done	17.793534735	0.491
philosophers.144	TIMEOUT	3602.018872705	NO_VALUE	TIMEOUT	3601.995561938	NO_VALUE	TIMEOUT	3601.955989132	NO_VALUE	OUT OF MEMORY	1668.328989389	NO_VALUE	done	10.602276565	1	done	12.218284739	1	done	116.155662007	0	done	74.431685056	1	done	858.589446437	0
philosophers.21	done	2130.047821299	1	done	1801.195919428	1	ERROR (2)	1712.313402836	NO_VALUE	OUT OF MEMORY	512.381890931	NO_VALUE	done	1.350091683	1	done	3.024373374	1	done	12.983057793	0.5004530011325028	done	1.241192636	1	done	31.781062961	0.264
philosophers.3	done	21.007205455	1	done	23.228818832	1	done	23.158647498	1	done	0.037879541	1	done	0.338235578	0	done	0.732108252	0	done	2.598634529	1	done	0.34130643	1	done	5.04612575	1
philosophers.34	TIMEOUT	3602.243724308	NO_VALUE	TIMEOUT	3602.193732684	NO_VALUE	TIMEOUT	3602.246391495	NO_VALUE	OUT OF MEMORY	658.383621534	NO_VALUE	done	2.071999741	1	done	3.876381201	1	done	12.818067537	0	done	2.775339702	1	done	66.800475899	0
philosophers.4	done	35.60668458	1	done	36.449006756	1	done	33.730986312	1	done	0.070035477	1	done	0.408418684	1	done	1.946705704	1	done	2.46808786	1	done	0.362987938	1	done	6.256076072	1
philosophers.5	done	53.601674809	1	done	54.445091129	1	done	51.899183572	1	done	0.231231439	1	done	0.447175442	1	done	2.281483732	1	done	3.038414819	1	done	0.378328253	1	done	7.850691461	0.936
philosophers.55	TIMEOUT	3602.125709336	NO_VALUE	TIMEOUT	3602.155319587	NO_VALUE	TIMEOUT	3602.122759215	NO_VALUE	OUT OF MEMORY	934.646054537	NO_VALUE	done	3.448965411	1	done	5.041667395	1	done	35.203023292	0.5035471698113207	done	8.051460512	1	done	169.998968645	0
philosophers.8	done	86.349705137	1	done	96.303850914	1	done	1742.314773066	1	done	111.553766708	1	done	0.600849906	1	done	2.31992109	1	done	5.2602437	0.8314416177429876	done	0.451727018	1	done	11.482266838	1
philosophers.89	TIMEOUT	3602.106099509	NO_VALUE	TIMEOUT	3602.025424187	NO_VALUE	TIMEOUT	3602.11649167	NO_VALUE	OUT OF MEMORY	1012.489785752	NO_VALUE	done	5.885005272	1	done	7.62623361	1	done	53.22324767	0	done	23.023742709	1	done	363.023610392	0
mer.n_1	done	12.066164701	0	done	14.723531435	0	done	16.154609079	0	done	0.048023043	0	done	0.377113903	0	done	0.867411865	0	done	0.413413614	NA	done	0.36412333	NA	done	6.42422435	0
mer.n_10	done	17.924659887	0	done	18.663484166	0	done	16.368170639	0	done	0.049036996	0	done	0.344302489	0	done	0.875160018	0	done	0.388819931	NA	done	0.34799376	NA	done	6.724435744	0
mer.n_100	done	22.481380698	0	done	17.014720476	0	done	18.468830829	0	done	0.049260876	0	done	0.379926348	0	done	0.860128629	0	done	0.373119574	NA	done	0.349443714	NA	done	6.559763355	0
mer.n_1000	done	35.074920928	0	done	34.282903689	0	done	33.82122653	0	done	0.049981377	0	done	0.345755915	0	done	0.901644537	0	done	0.457622686	NA	done	0.367076873	NA	done	6.823071274	0
mer.n_13000	done	355.255333019	0	done	321.614231407	0	done	263.81800801	0	done	0.048933702	0	done	0.379687851	0	done	0.912024836	0	done	0.433068218	NA	done	0.36152496	NA	done	6.647075402	0
mer.n_144000	TIMEOUT	3602.222343591	NO_VALUE	TIMEOUT	3602.235326108	NO_VALUE	TIMEOUT	3602.19476423	NO_VALUE	done	0.047278858	0	done	0.350712078	0	done	0.927895702	0	done	0.444997827	NA	done	0.362037443	NA	done	6.727734694	0
mer.n_21000	done	617.521071192	0	done	809.970386513	0	done	673.476947857	0	done	0.050218151	0	done	0.371024434	0	done	0.879458983	0	done	0.451181578	NA	done	0.366594116	NA	done	6.45888612	0
mer.n_3000	done	60.352526972	0	done	62.196399447	0	done	61.864483474	0	done	0.048721964	0	done	0.389533194	0	done	0.916261031	0	done	0.371535395	NA	done	0.353017522	NA	done	6.572360265	0
mer.n_34000	done	2071.131755337	0	done	1845.936551629	0	done	1782.729334793	0	done	0.051146933	0	done	0.367564204	0	done	0.885816083	0	done	0.417475354	NA	done	0.347141245	NA	done	6.518762823	0
mer.n_55000	TIMEOUT	3602.235386326	NO_VALUE	TIMEOUT	3602.277071645	NO_VALUE	TIMEOUT	3602.259128087	NO_VALUE	done	0.049704278	0	done	0.371691876	0	done	0.887424129	0	done	0.386770094	NA	done	0.354199866	NA	done	6.420151259	0
mer.n_8000	done	166.322213941	0	done	130.060510254	0	done	149.132458517	0	done	0.050252105	0	done	0.369719547	0	done	0.870364285	0	done	0.446140116	NA	done	0.343019567	NA	done	6.347194222	0
mer.n_89000	TIMEOUT	3602.22872744	NO_VALUE	TIMEOUT	3602.221264511	NO_VALUE	TIMEOUT	3602.228308471	NO_VALUE	done	0.048966905	0	done	0.387309836	0	done	0.983653701	0	done	0.431029692	NA	done	0.352396137	NA	done	6.453266237	0
mer.x_0.01	done	15.923788573	0	done	16.91473271	0	done	17.963039755	0	done	0.04803181	0	done	0.37728198	0	done	0.867242069	0	done	0.430616683	NA	done	0.368173331	NA	done	6.389077261	0
mer.x_0.03	done	15.462761869	0	done	17.374277786	0	done	15.732050816	0	done	0.047954707	0	done	0.358193369	0	done	0.921650309	0	done	0.371366365	NA	done	0.370541509	NA	done	6.439476915	0
mer.x_0.05	done	15.80693672	0	done	17.615097654	0	done	18.368872947	0	done	0.047393663	0	done	0.376694287	0	done	0.885564811	0	done	0.374864069	NA	done	0.359924815	NA	done	6.673497848	0
mer.x_0.08	done	16.254009167	0	done	17.479192025	0	done	16.150772223	0	done	0.048811463	0	done	0.370770528	0	done	0.897497611	0	done	0.452978572	NA	done	0.368903471	NA	done	6.328724429	0
mer.x_0.13	done	16.220976407	0	done	16.214076045	0	done	15.708532607	0	done	0.048400052	0	done	0.3863578	0	done	0.85558715	0	done	0.403100733	NA	done	0.355408989	NA	done	6.390808978	0
mer.x_0.21	done	17.800548708	0	done	17.896193454	0	done	16.688943764	0	done	0.049440311	0	done	0.36296052	0	done	0.871821437	0	done	0.374767937	NA	done	0.349842394	NA	done	6.561847197	0
mer.x_0.34	done	16.919460175	0	done	16.558179229	0	done	15.292804237	0	done	0.049011398	0	done	0.375627496	0	done	0.90660237	0	done	0.388717136	NA	done	0.349267284	NA	done	6.622357267	0
mer.x_0.55	done	16.041264695	0	done	15.58568441	0	done	18.007919935	0	done	0.048195057	0	done	0.363774725	0	done	0.905282041	0	done	0.373125925	NA	done	0.363171653	NA	done	6.587806995	0
mer.x_0.89	done	14.904010324	0	done	14.983424872	0	done	18.302072296	0	done	0.048237877	0	done	0.371881521	0	done	0.881169891	0	done	0.395312458	NA	done	0.348922517	NA	done	6.358822403	0
mer.x_1.44	ERROR (1)	0.032200791	NO_VALUE	ERROR (1)	0.02211175	NO_VALUE	ERROR (1)	0.031650709	NO_VALUE	ERROR (1)	0.028827875	NO_VALUE	ERROR (1)	0.21882852	NO_VALUE	done	0.192247428	NO_VALUE	done	0.383881611	NA	done	0.369020063	NA	done	6.375525201	0
firewire_dl.deadline_1300	done	788.28792005	0.9983077347	done	276.40833125	0.9983077347	done	139.679434914	0.9983077347	done	1.628100503	0.9983077347	done	9.421852335	0.9983077347	done	47.797519138	0.9983013272	done	9.937037044	1	done	0.425051972	1	done	68.804883155	1
firewire_dl.deadline_14400	TIMEOUT	3602.102534474	NO_VALUE	TIMEOUT	3602.209655877	NO_VALUE	TIMEOUT	3602.20777465	NO_VALUE	done	24.332104607	1	done	796.2269533	1	done	49.892790844	1	done	9.967603693	1	done	0.408352538	1	done	70.246415989	1
firewire_dl.deadline_200	done	43.75809208	0.5	done	41.324639083	0.5	done	39.669697005	0.5	done	0.077365093	0.5	done	0.742136991	0.5	done	35.336880594	0.4983579218	done	11.344962939	0.5557164634146341	done	0.420913474	0.967	done	66.497471919	0.543
firewire_dl.deadline_2100	done	1765.526618095	0.9999694782	done	444.910276348	0.9999694782	done	255.098398289	0.9999694782	done	3.008534713	0.9999694782	done	23.106963482	0.9999694782	done	49.510318983	1	done	10.147051216	1	done	0.406023836	1	done	68.669052908	1
firewire_dl.deadline_300	done	58.567653025	0.625	done	63.837438662	0.625	done	49.621244063	0.625	done	0.127506953	0.625	done	1.015266508	0.625	done	34.116084732	0.6212298274	done	11.878671018	0.7051075268817204	done	0.409546253	0.991	done	69.609151946	0.745
firewire_dl.deadline_3400	done	1952.826148648	0.9999956133	done	602.85186929	0.9999999619	done	466.171112433	0.9999999619	done	5.230890683	0.9999999619	done	60.282586246	0.9999999619	done	50.368365062	1	done	10.274891828	1	done	0.41176987	1	done	67.579054682	1
firewire_dl.deadline_500	done	111.791648094	0.8515625	done	107.175088306	0.8515625	done	59.009073245	0.8515625	done	0.315425291	0.8515625	done	1.8549908	0.8515625	done	40.544439646	0.8494960666	done	9.956857829	1	done	0.41136607	1	done	70.562574285	1
firewire_dl.deadline_5500	done	2658.783793453	0.9999956133	done	1079.668595526	1	done	927.838568608	1	done	9.08441555	1	done	151.610225757	1	done	50.582846005	1	done	9.889212832	1	done	0.397200327	1	done	68.692419065	1
firewire_dl.deadline_800	done	286.482148273	0.9754943848	done	201.482515666	0.9754943848	done	90.336079234	0.9754943848	done	0.757799646	0.9754943848	done	3.955595365	0.9754943848	done	44.769983026	0.9758030772	done	10.061389998	1	done	0.407173717	1	done	69.330500961	1
firewire_dl.deadline_8900	TIMEOUT	3602.217522081	NO_VALUE	done	2110.620211158	1	done	1986.461866805	1	done	14.763226277	1	done	385.934730614	1	done	50.424323198	1	done	10.030710284	1	done	0.434553422	1	done	69.965897016	1
firewire_dl.delay_13	done	42.102042856	0.5	done	42.151225223	0.5	done	39.948798024	0.5	done	0.123674625	0.5	done	0.72330879	0.5	done	33.909900387	0.5012268424	done	9.262733426	1	done	0.388725065	1	done	61.632794263	1
firewire_dl.delay_144	done	51.390843603	0	done	60.453542041	0	done	52.24498039	0	done	0.366090538	0	done	0.530896424	0	done	37.728113473	0	done	3.173904412	1	done	0.330154698	1	done	12.376806851	1
firewire_dl.delay_21	done	52.751237368	0.5	done	44.401700685	0.5	done	41.728788031	0.5	done	0.157550225	0.5	done	0.628518138	0.5	done	28.403349573	0.4990751445	done	8.840643119	1	done	0.39193265	1	done	58.459262734	1
firewire_dl.delay_3	done	40.943285849	0.5	done	44.805241687	0.5	done	38.199321906	0.5	done	0.0781951	0.5	done	0.736570611	0.5	done	33.651293728	0.498924166	done	11.753304581	0.49713207547169813	done	0.41268236	0.962	done	67.870151417	0.512
firewire_dl.delay_34	done	59.03494271	0	done	52.032217323	0	done	44.267786288	0	done	0.208423494	0	done	0.643951121	0	done	30.132438154	0	done	8.421923173	1	done	0.396088622	1	done	53.26839395	1
firewire_dl.delay_5	done	41.272417	0.5	done	46.189401762	0.5	done	38.653754914	0.5	done	0.086980978	0.5	done	0.743489839	0.5	done	33.587845479	0.5019063354	done	10.03167752	0.7610997963340123	done	0.399795519	0.997	done	65.060486338	0.724
firewire_dl.delay_55	done	54.809812306	0	done	48.145170244	0	done	46.265699972	0	done	0.280445458	0	done	0.662656802	0	done	33.556195921	0	done	7.124348025	1	done	0.359414133	1	done	45.284890587	1
firewire_dl.delay_8	done	42.962760909	0.5	done	50.466714778	0.5	done	41.55601531	0.5	done	0.103314913	0.5	done	0.737377373	0.5	done	34.590354673	0.4998678863	done	9.869692923	0.748301329394387	done	0.396542846	0.999	done	63.977410188	0.737
firewire_dl.delay_89	done	48.356360845	0	done	48.747244601	0	done	50.510892131	0	done	0.344321543	0	done	0.522724408	0	done	35.022806117	0	done	5.482854825	1	done	0.340088362	1	done	30.66070976	1
csma.all_before_max.N_13.K_2	TIMEOUT	3602.22740447	NO_VALUE	TIMEOUT	3602.231910235	NO_VALUE	TIMEOUT	3602.120262708	NO_VALUE	OUT OF MEMORY	283.875556578	NO_VALUE	OUT OF MEMORY	60.051358738	NO_VALUE	OUT OF MEMORY	60.529999719	NO_VALUE	done	170.698323844	0	done	1.800161341	0	done	1300.656653379	0
csma.all_before_max.N_144.K_2	TIMEOUT	3601.773410664	NO_VALUE	TIMEOUT	3601.897497082	NO_VALUE	TIMEOUT	3601.839128141	NO_VALUE	OUT OF MEMORY	246.008646092	NO_VALUE	OUT OF MEMORY	68.676056766	NO_VALUE	OUT OF MEMORY	68.626757801	NO_VALUE	TIMEOUT	3600.305529617	NA	done	292.056121035	0	TIMEOUT	3600.306894678	NA
csma.all_before_max.N_2.K_10	TIMEOUT	3602.03749098	NO_VALUE	TIMEOUT	3602.00630098	NO_VALUE	done	1403.802719633	1	done	147.097324426	1	TIMEOUT	7200.320713476	NO_VALUE	done	173.349068472	1	done	92.098400061	1	done	2.849193858	1	done	631.325123818	1
csma.all_before_max.N_2.K_13	TIMEOUT	3600.52759289	NO_VALUE	TIMEOUT	3600.752952336	NO_VALUE	TIMEOUT	3600.729961366	NO_VALUE	OUT OF MEMORY	399.816745962	NO_VALUE	TIMEOUT	7200.269970399	NO_VALUE	done	1201.61150376	1	done	661.41145165	1	done	31.488717622	1	TIMEOUT	3600.428038005	NA
csma.all_before_max.N_2.K_17	TIMEOUT	3602.337758051	NO_VALUE	TIMEOUT	3602.340121465	NO_VALUE	TIMEOUT	3602.398321652	NO_VALUE	OUT OF MEMORY	252.113401082	NO_VALUE	TIMEOUT	7200.378293055	NO_VALUE	TIMEOUT	7200.386939855	NO_VALUE	ABORTED	53.129352269	NA	ABORTED	52.527498007	NA	ABORTED	53.291860173	NA
csma.all_before_max.N_2.K_2	done	21.585494502	0.875	done	23.63031754	0.875	done	21.806559298	0.875	done	0.052888809	0.875	done	0.674177136	0.875	done	12.090757471	0.8751273751	done	8.459573409	0.8679558011049724	done	0.424426184	0.876	done	58.396102155	0.875
csma.all_before_max.N_2.K_3	done	32.185301912	0.984375	done	33.190351234	0.984375	done	29.170703758	0.984375	done	0.06108028	0.984375	done	1.316693837	0.984375	done	14.214858888	0.9842210412	done	10.14876524	0.9855203619909503	done	0.418376481	0.984	done	68.301095283	0.986
csma.all_before_max.N_2.K_5	done	79.159549978	0.9999694824	done	79.38376087	0.9999694824	done	45.094396876	0.9999694824	done	0.155384625	0.9999694824	done	11.263471095	0.9999694824	done	22.799488174	1	done	11.859752331	1	done	0.4735296	1	done	82.203728211	1
csma.all_before_max.N_2.K_6	done	109.502122057	0.999997895	done	100.60465334	0.9999995232	done	63.728451391	0.9999995232	done	0.374706156	0.9999995232	done	42.092723979	0.9999995232	done	30.271899969	1	done	13.496495611	1	done	0.529511958	1	done	96.330263466	1
csma.all_before_max.N_2.K_7	done	195.918288938	0.9999999653	done	169.420886172	0.9999999963	done	87.43482345	0.9999999963	done	1.107781556	0.9999999963	done	181.886411861	0.9999999963	done	41.401354045	1	done	23.225098508	1	done	0.680886948	1	done	159.819800382	1
csma.all_before_max.N_2.K_8	done	396.161859932	0.9999999994	done	383.160940138	1	done	155.702863021	1	done	4.410782918	1	done	911.457825215	1	done	59.722821616	1	done	34.943042141	1	done	0.960848487	1	done	237.349434237	1
csma.all_before_max.N_21.K_2	TIMEOUT	3602.185836921	NO_VALUE	TIMEOUT	3602.130987881	NO_VALUE	TIMEOUT	3602.069214191	NO_VALUE	OUT OF MEMORY	305.011447606	NO_VALUE	OUT OF MEMORY	60.542282532	NO_VALUE	OUT OF MEMORY	60.263658189	NO_VALUE	done	418.310365308	0	done	3.688866001	0	done	2969.008089991	0
csma.all_before_max.N_3.K_2	done	92.688992693	0.8596150365	done	91.841380918	0.8596150365	done	47.13739689	0.8596150365	done	0.233726299	0.8596150365	done	4.597697377	0.5249656586	done	19.029580552	0.5239892602	done	16.515741192	0.8561623616236163	done	0.486974198	0.698	done	116.214439755	0.853
csma.all_before_max.N_34.K_2	TIMEOUT	3602.160044976	NO_VALUE	TIMEOUT	3602.159115405	NO_VALUE	TIMEOUT	3602.205507295	NO_VALUE	OUT OF MEMORY	231.259887631	NO_VALUE	OUT OF MEMORY	61.178018185	NO_VALUE	OUT OF MEMORY	61.149344518	NO_VALUE	done	1149.97940839	0	done	9.249132222	0	TIMEOUT	3600.310002489	NA
csma.all_before_max.N_5.K_2	done	3386.111282762	0.7006556267	done	2565.640194817	0.7006558068	done	1452.457774093	0.7006558068	done	125.198062548	0.7006558068	done	1224.506669821	0.04993145573	done	475.507082533	0.04948850721	done	48.081479648	0.38651640964808226	done	0.755970765	0.262	done	285.374394334	0.416
csma.all_before_max.N_55.K_2	TIMEOUT	3602.144661242	NO_VALUE	TIMEOUT	3602.171829098	NO_VALUE	TIMEOUT	3602.132869017	NO_VALUE	OUT OF MEMORY	289.710216164	NO_VALUE	OUT OF MEMORY	62.620762913	NO_VALUE	OUT OF MEMORY	62.815484049	NO_VALUE	done	3500.549150182	0	done	25.930931867	0	TIMEOUT	3600.295720144	NA
csma.all_before_max.N_8.K_2	TIMEOUT	3602.215357193	NO_VALUE	TIMEOUT	3602.167645961	NO_VALUE	ERROR (2)	619.637441056	NO_VALUE	OUT OF MEMORY	328.751688508	NO_VALUE	TIMEOUT	7200.27781697	NO_VALUE	TIMEOUT	7200.278988738	NO_VALUE	done	56.574936126	0.03389830508474576	done	1.104073163	0.02	done	551.700686125	0.027
csma.all_before_max.N_89.K_2	TIMEOUT	3602.033618808	NO_VALUE	TIMEOUT	3602.010468735	NO_VALUE	TIMEOUT	3602.008847144	NO_VALUE	OUT OF MEMORY	231.020647482	NO_VALUE	OUT OF MEMORY	64.544329135	NO_VALUE	OUT OF MEMORY	65.353010885	NO_VALUE	TIMEOUT	3600.301419027	NA	done	84.425786132	0	TIMEOUT	3600.308970416	NA
csma.all_before_min.N_13.K_2	TIMEOUT	3602.245881695	NO_VALUE	TIMEOUT	3602.138252815	NO_VALUE	TIMEOUT	3602.168716661	NO_VALUE	OUT OF MEMORY	289.450163883	NO_VALUE							done	171.034248334	0	done	1.845495225	0	done	1227.436393984	0
csma.all_before_min.N_144.K_2	TIMEOUT	3601.791773824	NO_VALUE	TIMEOUT	3601.884910804	NO_VALUE	TIMEOUT	3601.905323533	NO_VALUE	OUT OF MEMORY	250.201447901	NO_VALUE							TIMEOUT	3600.301128659	NA	done	285.536965272	0	TIMEOUT	3600.308917028	NA
csma.all_before_min.N_2.K_10	TIMEOUT	3602.040216062	NO_VALUE	done	2430.974734923	1	done	1430.085983118	1	done	28.077400207	1							done	92.341821095	1	done	2.826811561	1	done	632.590116479	1
csma.all_before_min.N_2.K_13	TIMEOUT	3600.596639871	NO_VALUE	TIMEOUT	3600.754331646	NO_VALUE	TIMEOUT	3600.693222807	NO_VALUE	OUT OF MEMORY	398.327399267	NO_VALUE							done	665.2876258	1	done	32.065187739	1	TIMEOUT	3600.396759105	NA
csma.all_before_min.N_2.K_17	TIMEOUT	3602.375133056	NO_VALUE	TIMEOUT	3602.343921516	NO_VALUE	TIMEOUT	3602.341399569	NO_VALUE	OUT OF MEMORY	249.668244614	NO_VALUE							ABORTED	52.779523718	NA	ABORTED	54.230231631	NA	ABORTED	53.332987286	NA
csma.all_before_min.N_2.K_2	done	29.580541311	0.875	done	24.175691659	0.875	done	22.136450976	0.875	done	0.04108386	0.875							done	8.578124289	0.8785472972972973	done	0.401437572	0.881	done	58.400917535	0.871
csma.all_before_min.N_2.K_3	done	38.72278522	0.984375	done	29.728241693	0.984375	done	22.797224749	0.984375	done	0.048610456	0.984375							done	9.49602067	0.9868932038834951	done	0.410481181	0.983	done	67.719300738	0.983
csma.all_before_min.N_2.K_5	done	68.864143282	0.9999694824	done	83.446103619	0.9999694824	done	42.666639209	0.9999694824	done	0.138196759	0.9999694824							done	11.771302355	1	done	0.467347893	1	done	81.986355618	1
csma.all_before_min.N_2.K_6	done	91.599701698	0.9999974549	done	71.80594739	0.9999995232	done	60.176893823	0.9999995232	done	0.327619942	0.9999995232							done	13.521235592	1	done	0.514117576	1	done	92.531341024	1
csma.all_before_min.N_2.K_7	done	184.079779293	0.9999999653	done	131.570149004	0.9999999963	done	78.606200971	0.9999999963	done	0.864219089	0.9999999963							done	23.794647882	1	done	0.684801353	1	done	162.219285093	1
csma.all_before_min.N_2.K_8	done	332.654540661	0.9999999998	done	213.966120046	1	done	131.880665778	1	done	2.544706791	1							done	34.443753733	1	done	0.95088933	1	done	246.973590292	1
csma.all_before_min.N_21.K_2	TIMEOUT	3602.242013172	NO_VALUE	TIMEOUT	3602.241967111	NO_VALUE	TIMEOUT	3602.204253195	NO_VALUE	OUT OF MEMORY	302.405759302	NO_VALUE							done	417.495196091	0	done	3.851301951	0	done	2978.375310941	0
csma.all_before_min.N_3.K_2	done	107.134245195	0.4349666203	done	80.931316035	0.4349666249	done	53.862836132	0.4349666249	done	0.230694102	0.4349666249							done	15.93469052	0.5204305135951661	done	0.483074406	0.664	done	117.169728179	0.505
csma.all_before_min.N_34.K_2	TIMEOUT	3601.990719017	NO_VALUE	TIMEOUT	3602.172600387	NO_VALUE	TIMEOUT	3602.181690728	NO_VALUE	OUT OF MEMORY	232.81591764	NO_VALUE							done	1125.509544134	0	done	9.4462281	0	TIMEOUT	3600.308324252	NA
csma.all_before_min.N_5.K_2	TIMEOUT	3602.236703807	NO_VALUE	done	2229.873815258	0.009223525497	done	1750.091623508	0.009223525497	done	122.557336513	0.009223525497							done	29.527441813	0.17422024188415022	done	0.752234992	0.244	done	284.186322756	0.191
csma.all_before_min.N_55.K_2	TIMEOUT	3602.099665106	NO_VALUE	TIMEOUT	3602.026573842	NO_VALUE	TIMEOUT	3602.130461194	NO_VALUE	OUT OF MEMORY	285.943649824	NO_VALUE							done	3524.908317289	0	done	26.949343328	0	TIMEOUT	3600.295481902	NA
csma.all_before_min.N_8.K_2	TIMEOUT	3602.21073956	NO_VALUE	TIMEOUT	3602.200383564	NO_VALUE	ERROR (2)	633.842193835	NO_VALUE	OUT OF MEMORY	326.274558783	NO_VALUE							done	78.848770531	0.010555555555555556	done	1.057001822	0.018	done	553.968223253	0.006
csma.all_before_min.N_89.K_2	TIMEOUT	3602.065056918	NO_VALUE	TIMEOUT	3601.863110015	NO_VALUE	TIMEOUT	3602.037964354	NO_VALUE	OUT OF MEMORY	230.094871753	NO_VALUE							TIMEOUT	3600.301185183	NA	done	84.095863053	0	TIMEOUT	3600.304434471	NA
csma.some_before.N_13.K_2	TIMEOUT	3602.184908115	NO_VALUE	TIMEOUT	3602.096341204	NO_VALUE	ERROR (2)	1912.447238158	NO_VALUE	OUT OF MEMORY	288.571744099	NO_VALUE	OUT OF MEMORY	60.413829252	NO_VALUE	OUT OF MEMORY	59.961001607	NO_VALUE	done	620.67583099	0.5630733944954128	done	3.687607581	0.749	done	3075.432326255	0.548
csma.some_before.N_144.K_2	TIMEOUT	3601.906447945	NO_VALUE	TIMEOUT	3601.881799396	NO_VALUE	TIMEOUT	3601.834399179	NO_VALUE	OUT OF MEMORY	247.310323798	NO_VALUE	OUT OF MEMORY	68.616504198	NO_VALUE	OUT OF MEMORY	68.269142736	NO_VALUE	done	5.276493691	NA	done	5.747175863	NA	done	6.529762653	NA
csma.some_before.N_2.K_10	done	1635.92961529	1	done	985.184317084	1	done	1207.623000096	1	done	27.551877665	1	TIMEOUT	7200.329268973	NO_VALUE	done	132.83787132	1	done	46.028203089	1	done	2.210650105	1	done	303.464691957	1
csma.some_before.N_2.K_13	TIMEOUT	3600.757791698	NO_VALUE	TIMEOUT	3600.584057219	NO_VALUE	TIMEOUT	3600.691390483	NO_VALUE	OUT OF MEMORY	394.422811231	NO_VALUE	TIMEOUT	7200.279720839	NO_VALUE	done	1004.661859105	1	done	328.854667678	1	done	26.777919807	1	done	2089.695281397	1
csma.some_before.N_2.K_17	TIMEOUT	3602.382663788	NO_VALUE	TIMEOUT	3602.334242349	NO_VALUE	TIMEOUT	3602.414833884	NO_VALUE	OUT OF MEMORY	233.641553492	NO_VALUE	TIMEOUT	7200.412233799	NO_VALUE	TIMEOUT	7200.380582661	NO_VALUE	ABORTED	52.179338341	NA	ABORTED	52.43625849	NA	ABORTED	51.965021146	NA
csma.some_before.N_2.K_2	done	20.857860144	0.5	done	24.414461172	0.5	done	16.17557201	0.5	done	0.040917648	0.5	done	0.645352185	0.5	done	11.114951266	0.5006228685	done	8.37904587	0.4984144960362401	done	0.404681609	0.507	done	53.178215043	0.504
csma.some_before.N_2.K_3	done	30.576601021	0.875	done	29.33861523	0.875	done	22.553534929	0.875	done	0.048919064	0.875	done	1.256974528	0.875	done	9.477372085	0.8773168325	done	6.781457239	0.875	done	0.38883756	0.86	done	44.850952264	0.872
csma.some_before.N_2.K_5	done	53.191541421	0.9990234375	done	59.509003595	0.9990234375	done	34.458191972	0.9990234375	done	0.13140902	0.9990234375	done	10.712012697	0.9990234375	done	15.615633328	0.9988675117	done	6.571888107	0.9970588235294118	done	0.428722988	0.999	done	45.733026188	1
csma.some_before.N_2.K_6	done	71.245792668	0.9999694824	done	61.814999143	0.9999694824	done	57.613080467	0.9999694824	done	0.313508127	0.9999694824	done	40.45697869	0.9999694824	done	21.934068363	1	done	7.341455806	1	done	0.454220427	1	done	50.905266713	1
csma.some_before.N_2.K_7	done	115.049052781	0.9999974549	done	95.96277239	0.9999995232	done	68.150894328	0.9999995232	done	0.828582045	0.9999995232	done	174.063998616	0.9999995232	done	29.727089278	1	done	13.233170952	1	done	0.545457638	1	done	82.273563385	1
csma.some_before.N_2.K_8	done	181.46213269	0.999999972	done	116.739316527	0.9999999963	done	148.210698065	0.9999999963	done	2.455653675	0.9999999963	done	882.77474149	0.9999999963	done	45.118409237	1	done	18.545688518	1	done	0.824265288	1	done	121.587601458	1
csma.some_before.N_21.K_2	TIMEOUT	3602.094323144	NO_VALUE	TIMEOUT	3602.142466174	NO_VALUE	TIMEOUT	3602.198501481	NO_VALUE	OUT OF MEMORY	308.011733157	NO_VALUE	OUT OF MEMORY	60.573502714	NO_VALUE	OUT OF MEMORY	60.19430765	NO_VALUE	done	2545.924845992	0.5589851201831362	done	13.551416301	0.754	TIMEOUT	3600.304870461	NA
csma.some_before.N_3.K_2	done	45.712783172	0.5859375	done	50.955901534	0.5859375	done	45.448045657	0.5859375	done	0.206104198	0.5859375	done	4.117250267	0.5859375	done	19.850996775	0.5857838392	done	14.954474969	0.5806327160493827	done	0.441828493	0.904	done	73.414655097	0.615
csma.some_before.N_34.K_2	TIMEOUT	3601.977012462	NO_VALUE	TIMEOUT	3602.126941868	NO_VALUE	TIMEOUT	3602.087932026	NO_VALUE	OUT OF MEMORY	232.788535928	NO_VALUE	OUT OF MEMORY	61.714791114	NO_VALUE	OUT OF MEMORY	60.955304119	NO_VALUE	TIMEOUT	3600.299621928	NA	done	57.097717238	0.712	TIMEOUT	3600.305727651	NA
csma.some_before.N_5.K_2	done	137.65445866	0.2056884766	done	135.063789667	0.2056884766	done	1200.860703288	0.2056884766	done	85.6687381	0.2056884766	done	957.105732803	0.2056884766	done	694.666034567	0.2074289322	done	54.507738307	0.43508033664881407	done	0.725877285	0.796	done	277.037141992	0.465
csma.some_before.N_55.K_2	TIMEOUT	3601.956261067	NO_VALUE	TIMEOUT	3602.082271349	NO_VALUE	TIMEOUT	3601.96672378	NO_VALUE	OUT OF MEMORY	289.039971236	NO_VALUE	OUT OF MEMORY	62.932941721	NO_VALUE	OUT OF MEMORY	62.655083449	NO_VALUE	done	1.6482366	NA	done	1.639435419	NA	done	1.98255033	NA
csma.some_before.N_8.K_2	done	722.374043762	0.03542137146	TIMEOUT	3602.346297897	NO_VALUE	ERROR (2)	342.911615164	NO_VALUE	OUT OF MEMORY	333.952888627	NO_VALUE	TIMEOUT	7200.284003853	NO_VALUE	TIMEOUT	7200.272967648	NO_VALUE	done	180.893561615	0.512797281993205	done	1.336342484	0.773	done	854.989928712	0.513
csma.some_before.N_89.K_2	TIMEOUT	3601.741010867	NO_VALUE	TIMEOUT	3602.031655669	NO_VALUE	TIMEOUT	3602.035295949	NO_VALUE	OUT OF MEMORY	225.892068851	NO_VALUE	OUT OF MEMORY	64.905818908	NO_VALUE	OUT OF MEMORY	64.534290916	NO_VALUE	done	3.267796738	NA	done	2.906255428	NA	done	3.210699966	NA
consensus.c2.K_13	done	9.912038585	0	done	10.081474343	0	done	8.911373043	0	done	0.07263936	0.480686569	done	0.518366946	0.49	done	6594.37790886	0.4889585078	done	0.395599785	NA	done	0.34379526	NA	done	0.475797386	NA
consensus.c2.K_144	done	34.633831894	0	done	40.525236886	0	done	43.445861082	0	done	16.176052475	0.4879562054	done	1.648777531	0.4982656911	done	0.326869322	NO_VALUE	done	0.32482771	NA	done	0.323538411	NA	done	0.331270361	NA
consensus.c2.K_2	done	4.656184262	0	done	6.15240664	0	done	6.117063457	0	done	0.041126309	0.3828112753	done	0.348373792	0.46875	done	26.463265199	0.4701974392	done	5.270705157	0.42776497695852533	done	0.367820113	0.492	done	30.706398264	0.435
consensus.c2.K_21	done	12.990106423	0	done	12.295564321	0	done	15.012211015	0	done	0.140811965	0.4878747811	done	0.567513905	0.49	done	0.277073304	NO_VALUE	done	0.360092136	NA	done	0.322224844	NA	done	0.347704346	NA
consensus.c2.K_3	done	7.167297399	0	done	6.85621859	0	done	6.70135797	0	done	0.052966756	0.4179653899	done	0.348232399	0.4791666667	done	90.50690825	0.4804650545	done	8.720126723	0.4448761904761905	done	0.401951143	0.472	done	57.637326422	0.459
consensus.c2.K_34	done	15.532712191	0	done	16.050197873	0	done	16.481764941	0	done	0.412712105	0.4920628832	done	0.620236966	0.4926470975	done	0.2703376	NO_VALUE	done	0.320630183	NA	done	0.327184558	NA	done	0.335206576	NA
consensus.c2.K_5	done	6.188416625	0	done	5.696052322	0	done	6.86999424	0	done	0.049540149	0.4500377522	done	0.382419886	0.4875	done	398.656563984	0.4837869406	done	21.213196682	0.46471033699356307	done	0.51984703	0.495	done	144.596581804	0.485
consensus.c2.K_55	done	24.507670539	0	done	20.661273636	0	done	19.541429154	0	done	1.356570645	0.4939189539	done	0.811675697	0.4954547318	done	0.318943922	NO_VALUE	done	0.339692912	NA	done	0.310842728	NA	done	0.32952875	NA
consensus.c2.K_8	done	8.454013854	0	done	8.818411277	0	done	8.481746096	0	done	0.045694295	0.4687202831	done	0.409427084	0.4921875	done	1831.009363663	0.4932996035	done	49.466514296	0.4813066465256798	done	0.840678475	0.496	done	11.269381444	NA
consensus.c2.K_89	done	27.247062639	0	done	29.137086617	0	done	28.585682379	0	done	4.737224822	0.4931837346	done	1.096855535	0.497193171	done	0.305307956	NO_VALUE	done	0.316453352	NA	done	0.307410674	NA	done	0.333060003	NA
consensus.c2.N_13	done	45.895117914	0	done	39.635286042	0	OUT OF MEMORY	388.154984163	NO_VALUE	OUT OF MEMORY	274.881977537	NO_VALUE	done	466.731266717	0.4647543657	done	6962.080186792	0.4649503529	done	0.824681898	NA	done	1.551948681	0.5	done	2.818625338	NA
consensus.c2.N_144	TIMEOUT	3602.071285018	NO_VALUE	TIMEOUT	3602.092973464	NO_VALUE	TIMEOUT	3602.098453337	NO_VALUE	OUT OF MEMORY	293.857828935	NO_VALUE	OUT OF MEMORY	1858.684644411	NO_VALUE	TIMEOUT	7200.324457793	NO_VALUE	done	4.163467244	NA	done	4.179608744	NA	done	4.189405361	NA
consensus.c2.N_2	done	5.646246448	0	done	7.426868165	0	done	6.356025066	0	done	0.040755424	0.3828112753	done	0.355223478	0.46875	done	29.019201948	0.4717451334	done	5.229092164	0.42058596761757905	done	0.361814002	0.511	done	30.213897568	0.467
consensus.c2.N_21	done	65.153942519	0	done	69.948116037	0	ERROR (2)	70.571317575	NO_VALUE	OUT OF MEMORY	262.049734994	NO_VALUE	OUT OF MEMORY	1602.91904595	NO_VALUE	TIMEOUT	7200.265164687	NO_VALUE	done	0.563160938	NA	done	0.562968897	NA	done	0.931860815	NA
consensus.c2.N_3	done	8.767624112	0	done	9.747164233	0	done	9.427523583	0	done	0.054556136	0.3398407711	done	0.447079592	0.41796875	done	80.511593816	0.4187837243	done	12.665178757	0.4279953917050691	done	0.448104459	0.488	done	82.652168113	0.48
consensus.c2.N_34	done	143.60750461	0	done	125.322272305	0	ERROR (2)	137.020783722	NO_VALUE	OUT OF MEMORY	298.280963085	NO_VALUE	OUT OF MEMORY	1269.547536831	NO_VALUE	TIMEOUT	7200.26523882	NO_VALUE	done	1.100900875	NA	done	0.825081299	NA	done	0.967341705	NA
consensus.c2.N_5	done	15.268944367	0	done	13.369942698	0	done	12.039648536	0	done	1.467525192	0.3036044017	done	1.033895479	0.4417510529	done	415.733470365	0.4439998567	done	55.069224715	0.4711800302571861	done	0.857814743	0.471	done	365.332431551	0.469
consensus.c2.N_55	done	417.266869577	0	done	383.944752711	0	ERROR (2)	319.370207916	NO_VALUE	OUT OF MEMORY	254.69266934	NO_VALUE	OUT OF MEMORY	1628.144606055	NO_VALUE	TIMEOUT	7200.281448374	NO_VALUE	done	1.280250689	NA	done	1.271108506	NA	done	1.305978724	NA
consensus.c2.N_8	done	23.127439357	0	done	25.536010095	0	done	54.357179388	0	OUT OF MEMORY	318.980396429	NO_VALUE	done	12.430619708	0.4645965143	done	1267.403308069	0.4652146101	done	222.425266718	0.47979607250755285	done	2.160348826	0.512	done	1588.842572643	0.502
consensus.c2.N_89	done	1418.525490788	0	done	1614.071587291	0	ERROR (2)	1582.421410887	NO_VALUE	OUT OF MEMORY	316.992450967	NO_VALUE	OUT OF MEMORY	1655.712225396	NO_VALUE	TIMEOUT	7200.288492498	NO_VALUE	done	2.26339735	NA	done	2.231094665	NA	done	2.298963358	NA
consensus.disagree.K_13	done	11.014082445	0	done	10.424104628	0	done	10.225005615	0	done	0.08000863	0.01922073802	done	0.421640951	0.0125131691	done	0.209004305	NO_VALUE	done	0.911812367	NA	done	0.909245417	0	done	0.437622669	NA
consensus.disagree.K_144	done	31.273748743	0	done	35.995795376	0	done	31.969482754	0	done	21.493582396	0.001625395845	done	3.578506028	0.0004573592205	done	0.208111039	NO_VALUE	done	0.316835047	NA	done	0.310393045	NA	done	0.327992261	NA
consensus.disagree.K_2	done	7.27759142	0	done	6.54154328	0	done	5.209415995	0	done	0.048323207	0.1083325973	done	0.249831576	0.0625	done	32.377134563	0.03914536908	done	3.613044163	0.09329140461215933	done	0.369473066	0.037	done	30.992186144	0.086
consensus.disagree.K_21	done	11.934810223	0	done	12.664709344	0	done	11.044729417	0	done	0.176359883	0.0118882206	done	0.555977319	0.003506260878	done	0.286048948	NO_VALUE	done	0.320257091	NA	done	0.32961435	NA	done	0.331187188	NA
consensus.disagree.K_3	done	5.629077934	0	done	6.269502806	0	done	5.444026093	0	done	0.048227466	0.07936346522	done	0.263195164	0.04444444444	done	0.201776419	NO_VALUE	done	6.590631948	0.05594855305466238	done	0.43694991	0.026	done	58.402026741	0.065
consensus.disagree.K_34	done	15.218436668	0	done	19.102840459	0	done	15.04515878	0	done	0.510730704	0.00732590201	done	0.7762613	0.002030177322	done	0.205579653	NO_VALUE	done	0.320199841	NA	done	0.324581011	NA	done	0.333290312	NA
consensus.disagree.K_5	done	6.755295016	0	done	9.251278647	0	done	6.353731788	0	done	0.050353575	0.04975221097	done	0.268995415	0.02166666667	done	0.208374081	NO_VALUE	done	14.164375918	0.021379310344827585	done	0.528042525	0.015	done	144.356425681	0.022
consensus.disagree.K_55	done	19.692402073	0	done	22.517492721	0	done	21.423824418	0	done	1.756420508	0.004501618143	done	1.171004295	0.003223781156	done	10.392602588	NO_VALUE	done	0.314366369	NA	done	0.328217052	NA	done	0.320326685	NA
consensus.disagree.K_8	done	7.48991036	0	done	8.749841309	0	done	8.417331685	0	done	0.05433881	0.03124024973	done	0.348216208	0.01809895833	done	0.201734491	NO_VALUE	done	29.599472184	0.021180555555555557	done	0.848143147	0.009	done	349.174096264	0.02
consensus.disagree.K_89	done	25.46433492	0	done	23.977097963	0	done	27.280261083	0	done	6.202543897	0.002738618978	done	1.923571841	0.00200953718	done	1550.148664287	NO_VALUE	done	0.318486412	NA	done	0.310692372	NA	done	0.325567785	NA
consensus.disagree.N_13	done	46.832252738	0	done	44.364219468	0	OUT OF MEMORY	412.780797447	NO_VALUE	OUT OF MEMORY	271.532259509	NO_VALUE	done	669.900850597	0.04586406712	done	6800.925852817	0.04435468465	done	2.906196504	NA	done	2.060525526	0.03125	done	1.621303523	NA
consensus.disagree.N_144	TIMEOUT	3602.013140662	NO_VALUE	TIMEOUT	3602.013549242	NO_VALUE	TIMEOUT	3602.069480169	NO_VALUE	OUT OF MEMORY	294.355738071	NO_VALUE	OUT OF MEMORY	1762.641411985	NO_VALUE	TIMEOUT	7200.318536738	NO_VALUE	done	4.182949623	NA	done	4.350842512	NA	done	4.475257782	NA
consensus.disagree.N_2	done	5.815461779	0	done	4.715295499	0	done	5.316638497	0	done	0.046057468	0.1083325973	done	0.305432851	0.0390625	done	27.590187685	0.03914536908	done	3.892641551	0.09112299465240642	done	0.347990936	0.032	done	30.515995194	0.08
consensus.disagree.N_21	done	58.549141308	0	done	65.181312316	0	ERROR (2)	70.288850601	NO_VALUE	OUT OF MEMORY	258.718382219	NO_VALUE	OUT OF MEMORY	1508.741970333	NO_VALUE	TIMEOUT	7200.274677898	NO_VALUE	done	0.529799397	NA	done	0.664740668	NA	done	0.538956752	NA
consensus.disagree.N_3	done	6.904192542	0	done	7.141148237	0	done	8.353689827	0	done	0.056796248	0.2290884246	done	0.585133191	0.1791928941	done	58.985220317	0.1752670705	done	8.734391375	0.08259860788863109	done	0.450501758	0.028	done	85.441688954	0.082
consensus.disagree.N_34	done	127.262050983	0	done	121.671563613	0	ERROR (2)	148.329883556	NO_VALUE	OUT OF MEMORY	298.073691741	NO_VALUE	OUT OF MEMORY	1225.853221723	NO_VALUE	TIMEOUT	7200.276800212	NO_VALUE	done	0.816365869	NA	done	0.808910487	NA	done	0.928924848	NA
consensus.disagree.N_5	done	13.871794748	0	done	12.235874264	0	done	14.657241148	0	done	1.891730843	0.3356236942	done	1.710478346	0.10078469	done	319.423689434	0.09973198175	done	40.283956285	0.038562091503267976	done	0.848282822	0.029	done	349.803102098	0.042
consensus.disagree.N_55	done	490.985038411	0	done	391.417710113	0	ERROR (2)	358.239318401	NO_VALUE	OUT OF MEMORY	253.507856187	NO_VALUE	OUT OF MEMORY	1492.245342366	NO_VALUE	TIMEOUT	7200.303361901	NO_VALUE	done	1.301697025	NA	done	1.294772072	NA	done	1.307630884	NA
consensus.disagree.N_8	done	23.394122594	0	done	27.085794004	0	done	52.952343462	0	OUT OF MEMORY	328.846813047	NO_VALUE	done	11.398928159	0.05885686208	done	1421.236347278	0.05934090912	done	114.24905292	NA	done	2.23309239	0.024	done	89.133798136	NA
consensus.disagree.N_89	done	1338.138572479	0	done	1086.062502841	0	ERROR (2)	1424.680403148	NO_VALUE	OUT OF MEMORY	315.019715167	NO_VALUE	OUT OF MEMORY	1587.544692176	NO_VALUE	TIMEOUT	7200.294562298	NO_VALUE	done	2.283299083	NA	done	2.252489467	NA	done	2.213754377	NA
